Price,Close,Volume,Returns,Volatility
Ticker,AAPL,AAPL,,
Date,,,,
2020-11-17,116.22048950195312,74271000,,
2020-11-18,114.89655303955078,76322100,-1.1391592550297203,
2020-11-19,115.49038696289062,74113000,0.5168422442885845,
2020-11-20,114.22489166259766,73604300,-1.0957581263448368,
2020-11-23,110.8275375366211,127959300,-2.974267759440574,
2020-11-24,112.11251068115234,113874200,1.1594348959586442,
2020-11-25,112.94966888427734,76499200,0.7467125640472583,
2020-11-27,113.49478912353516,46691300,0.48262225524211555,
2020-11-30,115.88951110839844,169410200,2.1099840824028604,
2020-12-01,119.46208190917969,127728200,3.082738693616216,
2020-12-02,119.81250762939453,89004200,0.29333635795938395,
2020-12-03,119.67621612548828,78967600,-0.11375398662702985,
2020-12-04,119.0045394897461,78260400,-0.5612448801338155,
2020-12-07,120.46472930908203,86712000,1.2270034618820258,
2020-12-08,121.07798767089844,82225500,0.5090771094026447,
2020-12-09,118.5470199584961,115089200,-2.090361560419851,
2020-12-10,119.96826934814453,81312200,1.1988908621625605,
2020-12-11,119.16030883789062,86939800,-0.6734785078121197,
2020-12-14,118.5470199584961,79184500,-0.514675469857051,
2020-12-15,124.48509216308594,157243700,5.00904384325207,
2020-12-16,124.41693878173828,98208600,-0.054748227408929484,1.761668073080744
2020-12-17,125.2833023071289,94359800,0.6963388859056119,1.7271548491786537
2020-12-18,123.29747772216797,192541500,-1.5850672423151302,1.7856831081144782
2020-12-21,124.82575225830078,121251600,1.2395018652178402,1.7628855879162588
2020-12-22,128.37889099121094,168904800,2.8464789265260526,1.6425604937736986
2020-12-23,127.48331451416016,88223700,-0.6976041544961564,1.6704717342236532
2020-12-24,128.4665069580078,54930100,0.7712322570170072,1.6705496198758683
2020-12-28,133.06121826171875,124486200,3.5765830429349332,1.7922051443002234
2020-12-29,131.2895050048828,121047300,-1.3315023565703021,1.826064355959478
2020-12-30,130.1700897216797,96452100,-0.85263120091853,1.759983019420826
2020-12-31,129.16741943359375,99116600,-0.7702770200356923,1.780741872691686
2021-01-04,125.9744644165039,143301900,-2.4719507683060638,1.8906351367042438
2021-01-05,127.53196716308594,97664900,1.2363638565928259,1.891590136774227
2021-01-06,123.23906707763672,155088000,-3.366136491848759,2.053149523949774
2021-01-07,127.44434356689453,109578200,3.4122917261363295,2.1798062021349547
2021-01-08,128.5443878173828,105158200,0.8631565903204352,2.109767412044135
2021-01-11,125.55587005615234,100384500,-2.3248916673640596,2.187579849664023
2021-01-12,125.38066864013672,91951100,-0.13954060127755463,2.178952580054536
2021-01-13,127.41516876220703,88636800,1.622658535910082,2.190458608959769
2021-01-14,125.48773956298828,90221800,-1.512715650689822,1.9364025943731407
2021-01-15,123.76473236083984,111598500,-1.3730482421221546,1.9626970171694467
2021-01-19,124.43640899658203,90757300,0.5427043899581152,1.960094012946121
2021-01-20,128.52490234375,104319500,3.2856085932857937,2.055123827603258
2021-01-21,133.2364044189453,120150900,3.6658281696990036,2.1854690056796926
2021-01-22,135.37802124023438,114459400,1.6073811287754536,2.1277477316187103
2021-01-25,139.1258087158203,157611700,2.7683869517750814,2.1837300574734995
2021-01-26,139.3594512939453,98390600,0.16793618688122347,2.183378272869547
2021-01-27,138.2886505126953,140843800,-0.7683732759476758,2.066901450031833
2021-01-28,133.45054626464844,142621100,-3.49855482001592,2.2043636979692036
2021-01-29,128.4567413330078,177523800,-3.7420640614968415,2.35962634525438
2021-02-01,130.5789031982422,106239800,1.65204398244303,2.3822155297758245
2021-02-02,131.4062957763672,83305400,0.6336341919405353,2.3070541667883684
2021-02-03,130.3842315673828,89880900,-0.7777893767919375,2.3050771406657633
2021-02-04,133.7426300048828,84183100,2.57577039579695,2.210945501391238
2021-02-05,133.32826232910156,75693800,-0.30982468025798626,2.100881763271379
2021-02-08,133.4745330810547,71297200,0.10970723640879587,2.095999547582681
2021-02-09,132.5970916748047,76774200,-0.657384885337764,2.0217403242791026
2021-02-10,131.99269104003906,73046600,-0.4558174143426297,2.0265298046170215
2021-02-11,131.73919677734375,64280000,-0.19205174218200893,2.003595214284551
2021-02-12,131.97314453125,60145100,0.17758401419560865,1.9634131053511357
2021-02-16,129.84786987304688,80576300,-1.6103841927475493,1.9745556105352764
2021-02-17,127.55683898925781,97918500,-1.7643962015156833,2.0238671950019316
2021-02-18,126.4552001953125,96856700,-0.8636454169565044,1.8932604147486183
2021-02-19,126.61116027832031,87668800,0.12333228112955119,1.679592101544214
2021-02-22,122.83826446533203,103916400,-2.979907778030466,1.7264267362718015
2021-02-23,122.70178985595703,158273000,-0.11110105631093603,1.5535040983346826
2021-02-24,122.20458984375,111039900,-0.4052100729669106,1.5435642622262118
2021-02-25,117.9540023803711,148199500,-3.4782551693137598,1.6689707065574686
2021-02-26,118.21720886230469,164560400,0.22314332419584026,1.5532215462770687
2021-03-01,124.5833511352539,116307900,5.3851231425741775,1.8846580291344392
2021-03-02,121.9803695678711,102260900,-2.089349454532563,1.8834923058228517
2021-03-03,118.99713897705078,112966300,-2.4456644961715845,1.9265140684190238
2021-03-04,117.11556243896484,178155000,-1.5811947701102391,1.941427576787117
2021-03-05,118.37320709228516,153766600,1.0738493050193476,1.8419816739132726
2021-03-08,113.44017028808594,154376600,-4.167359257533143,2.0055207933172627
2021-03-09,118.0514907836914,129525800,4.064980230455251,2.2753057658661793
2021-03-10,116.9693374633789,111943300,-0.9166790805677838,2.2764622523758224
2021-03-11,118.89965057373047,103026500,1.6502727571282572,2.331559497700567
2021-03-12,117.99298095703125,88105100,-0.7625502785956306,2.3311434035330145
2021-03-15,120.87870025634766,92403800,2.4456703067509356,2.4205184924890433
2021-03-16,122.4190673828125,115227900,1.2743081479186902,2.431177699647379
2021-03-17,121.62938690185547,111932600,-0.64506330414007,2.407644036136739
2021-03-18,117.50552368164062,121229700,-3.390515503907332,2.5079461066666244
2021-03-19,116.97908020019531,185549500,-0.4480159442305176,2.505684315817649
2021-03-22,120.29377746582031,111912300,2.8335812351681255,2.5235315288435958
2021-03-23,119.46509552001953,95467100,-0.6888818052423695,2.5272769647030713
2021-03-24,117.07656860351562,88530500,-1.9993512800595803,2.5621943317137386
2021-03-25,117.56401062011719,98844700,0.41634463874005156,2.443841112101708
2021-03-26,118.1684799194336,94071200,0.5141618562755745,2.4460321536744645
2021-03-29,118.34395599365234,80819200,0.14849651475452585,2.0976679311307245
2021-03-30,116.89134979248047,85671900,-1.2274443497983012,2.0661980231793153
2021-03-31,119.08486938476562,118323800,1.8765456949375148,2.0440528880000874
2021-04-01,119.91353607177734,75089100,0.6958622798117764,2.013146336011596
2021-04-05,122.74079132080078,88651200,2.3577448732152506,2.0643968490614615
2021-04-06,123.04299926757812,80171300,0.2462163910834425,1.7905175411480887
2021-04-07,124.69058227539062,83466700,1.339030272034858,1.591304610431592
2021-04-08,127.0888900756836,88844600,1.9234073307927035,1.6049953904835486
2021-04-09,129.66262817382812,106686700,2.0251479862730903,1.6221185796973951
2021-04-12,127.9468002319336,91420000,-1.32330183805488,1.6487482041959893
2021-04-13,131.05673217773438,91266500,2.4306445648998753,1.6477790971996344
2021-04-14,128.71697998046875,87222800,-1.7852972208192597,1.7051193465879737
2021-04-15,131.12498474121094,89347100,1.870774750236981,1.7271090235043247
2021-04-16,130.79351806640625,84922400,-0.25278681668400305,1.4920678437037458
2021-04-19,131.45643615722656,94264200,0.5068432294051073,1.4736956911665935
2021-04-20,129.76986694335938,94812300,-1.282987172914063,1.4315113368369083
2021-04-21,130.1501007080078,68847100,0.2930062067601602,1.4092430424697808
2021-04-22,128.62924194335938,84566500,-1.1685421343318736,1.3443459065795231
2021-04-23,130.9495086669922,78657500,1.8038407819075175,1.3762986402332518
2021-04-26,131.33949279785156,66905100,0.29781259573191665,1.377441333218474
2021-04-27,131.01776123046875,66015800,-0.2449617860775466,1.3860909509220536
2021-04-28,130.2280731201172,107760100,-0.6027336316352216,1.3512630052397752
2021-04-29,130.13052368164062,151101000,-0.07490661279045963,1.3205645087841813
2021-04-30,128.1612548828125,109839500,-1.5133027541223698,1.3897390909941532
2021-05-03,129.21417236328125,75135100,0.8215567812842606,1.3128061847280519
2021-05-04,124.641845703125,137564700,-3.5385643668415123,1.5644040911197774
2021-05-05,124.88556671142578,84000900,0.19553706616417532,1.5364696894632226
2021-05-06,126.48445129394531,78128300,1.280279718963917,1.5008330661126605
2021-05-07,127.15826416015625,78973300,0.5327238718417782,1.429567641119937
2021-05-10,123.87700653076172,88071200,-2.580451731601008,1.512015756565966
2021-05-11,122.95903778076172,126142800,-0.7410323963326082,1.3883084258689748
2021-05-12,119.89263916015625,112172300,-2.4938375217874675,1.436174364994377
2021-05-13,122.04106140136719,105861300,1.7919550826977826,1.4298695772335517
2021-05-14,124.46292877197266,81918000,1.98446927845084,1.5222811043736295
2021-05-17,123.31058502197266,74244600,-0.9258529920272096,1.5191583677075273
2021-05-18,121.92386627197266,63342900,-1.1245739769646712,1.5142139532741956
2021-05-19,121.76761627197266,92612000,-0.12815374444529182,1.5084450139419627
2021-05-20,124.32621002197266,76857100,2.1012103450274378,1.5869498935468414
2021-05-21,122.49028015136719,79295400,-1.4767038022642232,1.542420923567455
2021-05-24,124.12114715576172,63092900,1.3314256464914465,1.5811116376115948
2021-05-25,123.92583465576172,72009500,-0.15735634456786052,1.5813068543930209
2021-05-26,123.87700653076172,56575900,-0.03940108625101191,1.5800081820688265
2021-05-27,122.34378814697266,94625600,-1.2376940860355123,1.595022852548678
2021-05-28,121.68949890136719,71311100,-0.5347956406413279,1.5705340217783725
2021-06-01,121.36724090576172,67637100,-0.2648198887454267,1.5502892565534228
2021-06-02,122.12895202636719,59278900,0.6276085003834808,1.360718231250744
2021-06-03,120.64457702636719,76229200,-1.2154161444696054,1.3813919100937992
2021-06-04,122.93949890136719,75169300,1.9022171833703139,1.422007509785003
2021-06-07,122.94927215576172,71057600,0.007949645542626449,1.4139067842851927
2021-06-08,123.76959228515625,74403800,0.6672021029577868,1.303298309355577
2021-06-09,124.15043640136719,56877900,0.3077041050062679,1.2928121318148125
2021-06-10,123.15433502197266,71186400,-0.8023341747863233,1.1663568420569352
2021-06-11,124.36528015136719,53522400,0.9832744654733272,1.1191636750202458
2021-06-14,127.42193603515625,96906500,2.45780484719591,1.1651644141271813
2021-06-15,126.60160827636719,62746300,-0.6437884906745794,1.1534366009562504
2021-06-16,127.09965515136719,91815000,0.393396957416825,1.1152913299939253
2021-06-17,128.70120239257812,96721700,1.2600720586563474,1.1358871386586773
2021-06-18,127.40241241455078,108953300,-1.0091513939905816,1.085719537152456
2021-06-21,129.1992645263672,79663300,1.4103752650850065,1.0525760901546977
2021-06-22,130.83990478515625,74783600,1.2698526302014956,1.0494002299177838
2021-06-23,130.56649780273438,60214200,-0.2089629940275617,1.050566906451857
2021-06-24,130.2832794189453,68711000,-0.2169150498445349,1.0540319621329726
2021-06-25,129.99029541015625,70783700,-0.22488227967222274,1.0014231849440725
2021-06-28,131.6211395263672,62111300,1.2545891299540202,1.0020664802473362
2021-06-29,133.13482666015625,64556100,1.1500334514926713,1.0027682358362175
2021-06-30,133.75006103515625,63261400,0.4621137762626626,1.0020690392258074
2021-07-01,134.0527801513672,52485800,0.22633194621972663,0.923996300450995
2021-07-02,136.6797637939453,78852600,1.959663678449508,0.9285568317045623
2021-07-06,138.6914825439453,108181800,1.471848278164134,0.9424005418253886
2021-07-07,141.1816864013672,104911600,1.7954987658545196,0.9791597957846471
2021-07-08,139.8828582763672,105575500,-0.9199692666282067,1.0393572333611982
2021-07-09,141.7090606689453,99890800,1.3055226459342872,0.9952402732360232
2021-07-12,141.1133270263672,76299700,-0.42039206227599824,1.0239470782469624
2021-07-13,142.2266082763672,100827100,0.7889270797165615,0.9317468863995669
2021-07-14,145.65432739257812,127050800,2.410040679273151,0.9741773787306319
2021-07-15,145.00001525878906,106820300,-0.44922258439017426,1.0061895108045114
2021-07-16,142.95901489257812,93251400,-1.4075863113312437,1.0960626590293896
2021-07-19,139.11141967773438,121434600,-2.6913974034690313,1.2711506854026768
2021-07-20,142.7246551513672,96350000,2.597367981725185,1.3440546865581395
2021-07-21,141.99224853515625,74993500,-0.5131605435894637,1.3499556643103048
2021-07-22,143.35946655273438,77338200,0.9628821514433561,1.3467166947109765
2021-07-23,145.07818603515625,71447400,1.1988880286392778,1.34552801919256
2021-07-26,145.4980926513672,72434100,0.2894347025466537,1.334854605803214
2021-07-27,143.3301239013672,104818600,-1.4900324193216297,1.4006187344729872
2021-07-28,141.58209228515625,118931200,-1.2195842497239817,1.4368257148804668
2021-07-29,142.2266082763672,56699500,0.4552242312628296,1.436790135086493
2021-07-30,142.44146728515625,70440600,0.15106808169929042,1.4371400480739513
2021-08-02,142.10940551757812,62880000,-0.23312155786303634,1.3877601198302563
2021-08-03,143.90631103515625,64786600,1.2644522092212007,1.3785327861485825
2021-08-04,143.50588989257812,56368300,-0.2782512731358322,1.3288069677222005
2021-08-05,143.6133270263672,46397700,0.0748660099383347,1.3074569329661603
2021-08-06,142.92872619628906,54126800,-0.4766972844744699,1.284354433868323
2021-08-09,142.8798065185547,48908700,-0.034226624021815866,1.2797943895526778
2021-08-10,142.40057373046875,69023100,-0.3354097403706291,1.2712173950431351
2021-08-11,142.65487670898438,48493500,0.17858283281706466,1.1410980275139566
2021-08-12,145.61830139160156,72282600,2.077338504636317,1.236048975616634
2021-08-13,145.82371520996094,59375000,0.14106318807205476,1.1889587759418816
2021-08-16,147.7992706298828,103296000,1.3547559236694928,1.0201784233690196
2021-08-17,146.88970947265625,92229700,-0.6154030079784878,0.8847133517061644
2021-08-18,143.14390563964844,86326000,-2.5500791351929952,1.0638853627217082
2021-08-19,143.47645568847656,86960300,0.2323186916984632,1.0430782988819163
2021-08-20,144.93373107910156,60549600,1.0156895663697707,1.0328356908091638
2021-08-23,146.42031860351562,60131800,1.0257015488014387,1.056540583299325
2021-08-24,146.3322296142578,48606400,-0.060161724887608514,0.9943238221206222
2021-08-25,145.09996032714844,58991300,-0.8421038142846116,0.9711009324079023
2021-08-26,144.29795837402344,48597200,-0.5527237576886779,0.9793059787324422
2021-08-27,145.33470153808594,55802400,0.7184738964741477,0.9897315388564708
2021-08-30,149.75534057617188,90956700,3.0416954734843404,1.1828550681449426
2021-08-31,148.49366760253906,86453100,-0.8424894690090001,1.183355504237601
2021-09-01,149.1587371826172,80313700,0.44787740165341816,1.1802190797463856
2021-09-02,150.273681640625,71115500,0.7474885340727822,1.1860361055651225
2021-09-03,150.90940856933594,57808700,0.4230460861611496,1.174686289872679
2021-09-07,153.24688720703125,82278300,1.5489283669290588,1.2054375474846015
2021-09-08,151.70159912109375,74420200,-1.0083650729230564,1.234837360391876
2021-09-09,150.68447875976562,57305700,-0.6704743834085924,1.2545405911797585
2021-09-10,145.69654846191406,140893200,-3.3101818706913755,1.4166088492639528
2021-09-13,146.2637939453125,102404300,0.3893335081625038,1.4188829525979847
2021-09-14,144.86521911621094,109296300,-0.9562002949441317,1.3988206112014119
2021-09-15,145.75523376464844,83281300,0.6143742810505337,1.4015767093697387
2021-09-16,145.52049255371094,68034100,-0.1610516513709137,1.2711790857737886
2021-09-17,142.8505401611328,129868800,-1.8347604146492724,1.3411126426121038
2021-09-20,139.799072265625,123478900,-2.1361262562016314,1.3978175516074864
2021-09-21,140.2782440185547,75834000,0.34275746266700935,1.3752066157495095
2021-09-22,142.64511108398438,76404300,1.687265963435225,1.4389287798263188
2021-09-23,143.6035614013672,64838200,0.6719124897442308,1.4386361175384415
2021-09-24,143.6916046142578,53477900,0.06130990905199862,1.4337058733790056
2021-09-27,142.17562866210938,74150700,-1.055020546411256,1.4410230460052142
2021-09-28,138.7916717529297,108972300,-2.3801244566478474,1.3241487216410235
2021-09-29,139.6914825439453,74602000,0.6483175680868092,1.3380992451893554
2021-09-30,138.3906707763672,89056700,-0.931203351764065,1.3332465705122247
2021-10-01,139.51544189453125,94639600,0.8127506802692253,1.3361904246729852
2021-10-04,136.08251953125,98322000,-2.460603870556788,1.4010099445559578
2021-10-05,138.0092315673828,80861100,1.415840949131142,1.391014577494568
2021-10-06,138.87969970703125,83221100,0.6307318211705493,1.408469763240786
2021-10-07,140.141357421875,61732700,0.908453659897912,1.4382788290078004
2021-10-08,139.75990295410156,58773200,-0.2721926451911827,1.258633550890621
2021-10-11,139.67189025878906,64452200,-0.06297421037949613,1.2515264637853571
2021-10-12,138.40042114257812,73035900,-0.9103257025125933,1.2501529204823485
2021-10-13,137.8136444091797,78762700,-0.4239703380627402,1.235125646886942
2021-10-14,140.6009979248047,69907100,2.0225526489591417,1.3377395685818032
2021-10-15,141.6573028564453,67940300,0.7512784028784525,1.291868024965203
2021-10-18,143.3297119140625,85589200,1.180602075497661,1.2186190833398358
2021-10-19,145.49118041992188,76378900,1.5080393848522888,1.2565009126464723
2021-10-20,145.9801483154297,58418800,0.33608078104565564,1.2071214620088577
2021-10-21,146.1953582763672,61421000,0.1474241281578026,1.2002366281856478
2021-10-22,145.4227294921875,58883400,-0.5284906397090339,1.2083610940540026
2021-10-25,145.37379455566406,50720600,-0.03365012931219047,1.179694965617023
2021-10-26,146.03887939453125,60893400,0.45749981342926294,1.023779581215789
2021-10-27,145.5791778564453,56094900,-0.31478024207788335,1.0271883489465214
2021-10-28,149.21743774414062,100077900,2.499162271188937,1.1094192099937155
2021-10-29,146.50828552246094,124953200,-1.8155734762883458,1.207213956233203
2021-11-01,145.686767578125,74588300,-0.5607313889493204,1.0466164032135763
2021-11-02,146.7234344482422,69122000,0.7115724285400749,1.0202695888612976
2021-11-03,148.16119384765625,54511500,0.9799112219672335,1.0289696991625097
2021-11-04,147.64283752441406,60394600,-0.34985971007710503,1.0301429753005253
2021-11-05,148.17172241210938,65463900,0.3582191297345272,1.0224217706945096
2021-11-08,147.3489990234375,55020900,-0.5552499324963267,1.0373752575956736
2021-11-09,147.7113494873047,56787900,0.24591308137054124,0.9994857651476146
2021-11-10,144.88076782226562,65187100,-1.916292603692138,1.1085517385643573
2021-11-11,144.831787109375,41000000,-0.033807601676094645,1.0285771313370071
2021-11-12,146.90823364257812,63804000,1.4336953058757818,1.0602857175201297
2021-11-15,146.91802978515625,59222800,0.006668205270199401,1.034596679958793
2021-11-16,147.89749145507812,59256200,0.6666722058240149,0.9917821485676418
2021-11-17,150.3363037109375,88807000,1.6489882498109454,1.0508473275404844
2021-11-18,154.62631225585938,137827700,2.853607837246419,1.2120413743763363
2021-11-19,157.2512664794922,117305600,1.6976116065481328,1.23514042831249
2021-11-22,157.71157836914062,117467900,0.29272380436342615,1.231273666679152
2021-11-23,158.09356689453125,96041900,0.24220702711916786,1.2318262807862401
2021-11-24,158.6126708984375,69463600,0.3283523890966089,1.220401893830068
2021-11-26,153.5880889892578,76959800,-3.167831347091443,1.3655781630259058
2021-11-29,156.94761657714844,88748200,2.187362060430087,1.3551213368673498
2021-11-30,161.90367126464844,174048100,3.1577763304636353,1.473049188169614
2021-12-01,161.38455200195312,152052500,-0.320634645675677,1.484735892158598
2021-12-02,160.39527893066406,136739200,-0.6129911810128452,1.4995978194364379
2021-12-03,158.51475524902344,118023100,-1.172430818523995,1.5324029175709681
2021-12-06,161.92327880859375,107497000,2.150287873337464,1.5834053601277054
2021-12-07,167.662841796875,120405400,3.5446188037396853,1.7061436110640817
2021-12-08,171.4827117919922,116998900,2.278304455643787,1.7402646567105808
2021-12-09,170.97335815429688,108923700,-0.29702914793717783,1.6440492561262092
2021-12-10,175.76290893554688,115402700,2.801343339660911,1.686051552364039
2021-12-13,172.129150390625,153237000,-2.0674205763483333,1.8140161631264733
2021-12-14,170.74815368652344,139380400,-0.8023026320455151,1.8417006658354893
2021-12-15,175.61599731445312,131063300,2.8508909307836783,1.8990890125324458
2021-12-16,168.72067260742188,150185800,-3.9263648030222864,2.1700855368150727
2021-12-17,167.62367248535156,195432700,-0.6501871437075146,2.1194944713892636
2021-12-20,166.2622528076172,107499100,-0.8121881936773212,2.1145187909222893
2021-12-21,169.43569946289062,91185900,1.908699420153681,2.1448735901452367
2021-12-22,172.03118896484375,92135300,1.5318433542522714,2.1598139647080257
2021-12-23,172.6580352783203,68356600,0.3643794577300019,2.1597261352725785
2021-12-27,176.62486267089844,74919600,2.2975052311835276,2.0194376958765137
2021-12-28,175.606201171875,79144300,-0.5767373197744452,2.0083244623651706
2021-12-29,175.6943359375,62348900,0.05018886863723537,1.9167078161063298
2021-12-30,174.53860473632812,59773000,-0.6578078883447969,1.9250942139402862
2021-12-31,173.9215545654297,64062300,-0.3535322009882047,1.918700271754118
2022-01-03,178.27032470703125,104487900,2.500420463965858,1.9336607143392717
2022-01-04,176.0077667236328,99310400,-1.2691725261154474,1.9411573067416397
2022-01-05,171.32598876953125,94537600,-2.6599837275663396,1.9137682575360562
2022-01-06,168.46597290039062,96904000,-1.669341522369927,1.8833857929067328
2022-01-07,168.6324920654297,86709100,0.09884439104952403,1.8829747732274604
2022-01-10,168.652099609375,106765600,0.01162738195061852,1.7597754476515075
2022-01-11,171.4827117919922,76138300,1.6783735210965878,1.7489157930312171
2022-01-12,171.92347717285156,74805200,0.25703196331186007,1.7394898967404087
2022-01-13,168.652099609375,84505800,-1.9028102602808183,1.6593775659016872
2022-01-14,169.51402282714844,80440800,0.5110658093019804,1.4115025828357428
2022-01-18,166.31118774414062,90956700,-1.8894219071620477,1.4690922145777798
2022-01-19,162.81454467773438,94815000,-2.102470142769719,1.532265763377102
2022-01-20,161.12986755371094,91420500,-1.0347215154260292,1.4699168640586158
2022-01-21,159.0730438232422,122848900,-1.2765006027098735,1.4251294957924443
2022-01-24,158.29930114746094,162294600,-0.4864071606255349,1.4143615855745255
2022-01-25,156.4970703125,115798400,-1.138495762076741,1.267481484645592
2022-01-26,156.40892028808594,108275300,-0.056326948637464014,1.2732156421907346
2022-01-27,155.9486083984375,121954600,-0.294300279549653,1.2667050005902778
2022-01-28,166.83026123046875,179935700,6.977717174769138,2.1124508595547535
2022-01-31,171.1888885498047,115541600,2.6126119369403122,2.203621723028977
2022-02-01,171.0223846435547,86213900,-0.09726326729526669,2.119941156215182
2022-02-02,172.22706604003906,84914300,0.7043998357262771,2.112813312473026
2022-02-03,169.34747314453125,89418100,-1.6719746563170101,2.0604078614412376
2022-02-04,169.06307983398438,82465400,-0.16793478241281523,2.0249039328401657
2022-02-07,168.34719848632812,77251200,-0.42344037998078843,2.0274259164853348
2022-02-08,171.4560089111328,74829200,1.8466659693521237,2.068582752817764
2022-02-09,172.8780059814453,71285000,0.8293655494159724,2.0430912625959925
2022-02-10,168.79827880859375,90865900,-2.3598879161583097,2.1124194012262985
2022-02-11,165.385498046875,98670700,-2.02181016643459,2.118010743661441
2022-02-14,165.62086486816406,86185500,0.14231406264069157,2.1142241475422825
2022-02-15,169.4553680419922,62527400,2.315229531545082,2.135385415368274
2022-02-16,169.2200164794922,61177400,-0.13888705044839966,2.0722817653692824
2022-02-17,165.62086486816406,69589300,-2.1269065481767657,2.120717746797471
2022-02-18,164.0713348388672,82772700,-0.9355886593940377,2.1099200050177607
2022-02-22,161.1488800048828,91162800,-1.7812098846239577,2.1507664954759487
2022-02-23,156.98085021972656,90009200,-2.5864466355769666,2.218338115471366
2022-02-24,159.59930419921875,141147500,1.6680085346888696,2.247779354878918
2022-02-25,161.66864013671875,91974200,1.2965820545915108,2.260291789496032
2022-02-28,161.93341064453125,95056600,0.16377357265366932,1.6037356962067197
2022-03-01,160.05044555664062,83474400,-1.162802092783699,1.480566779590348
2022-03-02,163.3456268310547,79724800,2.058839175957128,1.5736239209201033
2022-03-03,163.02197265625,76678400,-0.1981407039072014,1.558662462548955
2022-03-04,160.02101135253906,83737200,-1.8408324073214355,1.5671321733019432
2022-03-07,156.22573852539062,96418800,-2.371734058590058,1.6354799906226
2022-03-08,154.40159606933594,131148300,-1.1676324741830002,1.6449265776757063
2022-03-09,159.80526733398438,91454900,3.499750910749566,1.7990515948284729
2022-03-10,155.4607696533203,105342000,-2.7186198259562366,1.8522424636463737
2022-03-11,151.74388122558594,96970100,-2.390885132000242,1.8538811591276039
2022-03-14,147.7132110595703,108732100,-2.656232418375759,1.8861698445849222
2022-03-15,152.09698486328125,92964300,2.967760142959075,2.040019355670799
2022-03-16,156.5101318359375,102300200,2.901534817815876,2.084890339389769
2022-03-17,157.52024841308594,75615400,0.6454001190205894,2.096925583695326
2022-03-18,160.81536865234375,123511700,2.091870900696269,2.119441795594447
2022-03-21,162.18838500976562,95811400,0.8537842924640549,2.121227053009399
2022-03-22,165.56201171875,81532000,2.0800667746837975,2.1297612951467353
2022-03-23,166.92515563964844,98062700,0.8233434148010366,2.0328873858817285
2022-03-24,170.710693359375,90131400,2.267805415679014,2.057977996511608
2022-03-25,171.34811401367188,80546200,0.37339234101463337,2.046117901941755
2022-03-28,172.21116638183594,90371900,0.5036836110698051,2.046242130365851
2022-03-29,175.50633239746094,100589400,1.9134450366120825,2.0438985194533403
2022-03-30,174.3392791748047,92633200,-0.6649635980160995,2.0239373367441376
2022-03-31,171.24024963378906,103049300,-1.777585381610025,2.076406059596611
2022-04-01,170.94607543945312,78751300,-0.17179033256786713,2.0200206393851965
2022-04-04,174.99635314941406,76468400,2.3693306205180953,1.9611224520584367
2022-04-05,171.68154907226562,73401800,-1.894213232157027,2.0016514696469083
2022-04-06,168.51393127441406,89058800,-1.8450542967306416,1.9431592865305458
2022-04-07,168.81793212890625,77594700,0.1804010221547525,1.8110564095728032
2022-04-08,166.80747985839844,76575500,-1.1908997137654032,1.7308345176467579
2022-04-11,162.55125427246094,72246700,-2.551579575178864,1.7209568537020183
2022-04-12,164.4243621826172,79265200,1.1523183370930168,1.6290210966395438
2022-04-13,167.1114959716797,70618900,1.6342674244818056,1.5494237750399729
2022-04-14,162.1001434326172,75329400,-2.9988077779590783,1.7168112998415184
2022-04-18,161.8843994140625,69023900,-0.13309304605543248,1.6558706798531102
2022-04-19,164.16941833496094,67723800,1.411512739441867,1.6747755259947765
2022-04-20,164.00265502929688,67929800,-0.1015800064076533,1.6069172536289686
2022-04-21,163.20831298828125,87227800,-0.4843470618653867,1.5967256961163308
2022-04-22,158.6676483154297,84882400,-2.7821283056688406,1.6017987714983084
2022-04-25,159.7366180419922,96046400,0.673716247711309,1.6103505362426607
2022-04-26,153.7740020751953,95623200,-3.732779646824247,1.7650284026777223
2022-04-27,153.54843139648438,88063200,-0.1466897366699471,1.671342683204529
2022-04-28,160.48194885253906,130216800,4.5155247715630065,2.031888502815785
2022-04-29,154.6075439453125,131747600,-3.6604770500539785,2.1401226581639805
2022-05-02,154.9115753173828,123055300,0.19664717795262465,2.1445672726142417
2022-05-03,156.40225219726562,88966500,0.9622759802349945,2.0682630785592084
2022-05-04,162.8160400390625,108256500,4.1008283139729595,2.2847306972553914
2022-05-05,153.7445526123047,130525300,-5.571617774625526,2.55811915533985
2022-05-06,154.4713134765625,116124600,0.4727067410905006,2.562599095324321
2022-05-09,149.3445281982422,131577900,-3.318923859023304,2.639674016958235
2022-05-10,151.7507781982422,115366700,1.6112073398537374,2.635009880572805
2022-05-11,143.8838348388672,142689800,-5.1841206040458605,2.824086005077109
2022-05-12,140.01419067382812,182602000,-2.6894224562283853,2.8073315387297537
2022-05-13,144.48292541503906,113990900,3.1916298767323825,2.896962880864123
2022-05-16,142.9409942626953,86643800,-1.0672064867972675,2.897698310298263
2022-05-17,146.5749053955078,78336300,2.542245596902837,2.9491764057816217
2022-05-18,138.3052978515625,109742900,-5.641898605788731,3.1601051625705905
2022-05-19,134.89723205566406,136095600,-2.4641614231988296,3.1806181238076263
2022-05-20,135.1329345703125,137426100,0.1747274655355291,3.157144017622285
2022-05-23,140.55438232421875,117726300,4.011936668988247,3.320490155524536
2022-05-24,137.8534698486328,104132700,-1.9216138486210288,3.2541552857825127
2022-05-25,138.01065063476562,92482700,0.11402018846924378,3.2561426841171515
2022-05-26,141.21238708496094,90601500,2.319919828990913,3.112660452124386
2022-05-27,146.96780395507812,90978500,4.075716719280731,3.190855114884037
2022-05-31,146.18203735351562,103718400,-0.5346522030108547,3.190209286193395
2022-06-01,146.05435180664062,74286600,-0.08734694712607682,3.17798594663893
2022-06-02,148.50973510742188,72348100,1.6811435403389474,3.0451826722078645
2022-06-03,142.78384399414062,88570300,-3.8555661749309134,2.9135500818984665
2022-06-06,143.53025817871094,71598400,0.5227581522465163,2.9142958773039753
2022-06-07,146.05435180664062,67808200,1.758579452136777,2.8605107714053584
2022-06-08,145.31776428222656,53950200,-0.5043242568966488,2.8339800366969072
2022-06-09,140.09275817871094,69473000,-3.5955728670363785,2.705641524411151
2022-06-10,134.68115234375,91437900,-3.8628733599902154,2.77657788640617
2022-06-13,129.52490234375,122207100,-3.8284866963712805,2.77468745433844
2022-06-14,130.3892364501953,84784300,0.6673111431124035,2.7833867697731027
2022-06-15,133.01150512695312,91533000,2.0111082387996415,2.7560210138422043
2022-06-16,127.73739624023438,108123900,-3.9651523991739435,2.611416912825039
2022-06-17,129.2106475830078,134520300,1.1533438023135334,2.583436301499563
2022-06-21,133.44366455078125,81000500,3.2760589370578463,2.6966498150006943
2022-06-22,132.9329376220703,73409200,-0.38272849477735127,2.523614279940283
2022-06-23,135.80079650878906,72433800,2.157372685821546,2.5459587115038875
2022-06-24,139.13027954101562,89116800,2.4517404299694734,2.6065359696468064
2022-06-27,139.13027954101562,70207900,0.0,2.552333931357285
2022-06-28,134.98562622070312,67083400,-2.9789728979094376,2.438078738994058
2022-06-29,136.74365234375,66242400,1.302380240228307,2.467005219893082
2022-06-30,134.27845764160156,98964500,-1.8027854747885153,2.488802245786641
2022-07-01,136.4490203857422,71051600,1.6164638634247774,2.4860101489363067
2022-07-05,139.03204345703125,73353800,1.8930315981652734,2.3952646677378646
2022-07-06,140.36776733398438,74064300,0.9607309536279196,2.403299766984566
2022-07-07,143.73651123046875,66253700,2.399941211908674,2.433267025322333
2022-07-08,144.41419982910156,64547800,0.4714797881424815,2.433493981510287
2022-07-11,142.282958984375,63141600,-1.4757834390583868,2.311901374681841
2022-07-12,143.2552490234375,77588800,0.6833496056047439,2.116678355757724
2022-07-13,142.89186096191406,71185600,-0.25366474457350074,1.8852779270485056
2022-07-14,145.8186492919922,78140700,2.0482540505636138,1.9164022388633344
2022-07-15,147.48831176757812,76259900,1.1450267052210528,1.891951132612606
2022-07-18,144.4436798095703,81420900,-2.0643208411021408,1.6910682615148576
2022-07-19,148.30349731445312,82982400,2.6721954951379523,1.7489201810069366
2022-07-20,150.30703735351562,64823400,1.3509728869133264,1.6502178344407274
2022-07-21,152.57579040527344,65086600,1.5094123945918803,1.6445538186850728
2022-07-22,151.33831787109375,66675400,-0.811054316607307,1.6404609953809564
2022-07-25,150.21868896484375,53623900,-0.7398185218390418,1.6010955667297802
2022-07-26,148.89279174804688,55138700,-0.8826446469035409,1.6245873956871155
2022-07-27,153.99008178710938,78620700,3.423463271269722,1.563273581619977
2022-07-28,154.5400848388672,81378700,0.35716784183423833,1.5575006450762228
2022-07-29,159.60792541503906,101786900,3.279304901026747,1.5551179768564414
2022-08-01,158.6258087158203,67829400,-0.6153307842733269,1.5793129022117183
2022-08-02,157.15257263183594,59907000,-0.9287492974259237,1.599393915384836
2022-08-03,163.16326904296875,82507500,3.82475215675544,1.7518434203369109
2022-08-04,162.84901428222656,55474100,-0.19260141242906093,1.7205019731946547
2022-08-05,162.622802734375,56697000,-0.13890876088419324,1.7290424939832643
2022-08-08,162.1506805419922,60276900,-0.29031733830954254,1.6732107093880086
2022-08-09,162.19992065429688,63135500,0.030366885997712423,1.6792721671867872
2022-08-10,166.44863891601562,70170500,2.619433008709171,1.7215034209585283
2022-08-11,165.71104431152344,57149200,-0.4431364589675968,1.7150157818764993
2022-08-12,169.26148986816406,68039400,2.142552158422273,1.7442645242937287
2022-08-15,170.33348083496094,54091700,0.6333342378303852,1.6186106454872888
2022-08-16,170.17611694335938,56377100,-0.09238576633917583,1.5712628890081815
2022-08-17,171.6710662841797,79542000,0.878471884111609,1.5645259927279078
2022-08-18,171.2776641845703,62290100,-0.22916039850194858,1.5642086855111406
2022-08-19,168.69102478027344,70346300,-1.5102024053232577,1.6044906318306755
2022-08-22,164.80618286132812,69026800,-2.302933380128236,1.7058178384328233
2022-08-23,164.47178649902344,54147100,-0.202902801641891,1.6839096034350463
2022-08-24,164.76683044433594,53841500,0.17938878855325857,1.538694076514009
2022-08-25,167.22561645507812,51218200,1.4922821566157651,1.5597664040169767
2022-08-26,160.92132568359375,78961000,-3.7699312492460724,1.669097347162838
2022-08-29,158.71829223632812,73314000,-1.3690127383099382,1.6933413858932604
2022-08-30,156.28904724121094,77906200,-1.5305387683355987,1.7162143397508751
2022-08-31,154.6268768310547,87991100,-1.0635232855383148,1.4714357485894547
2022-09-01,155.3546905517578,74229900,0.4706903066394652,1.4804344432950607
2022-09-02,153.24017333984375,76957800,-1.3610900349414257,1.501772199221773
2022-09-06,151.9812469482422,73714800,-0.8215380889772361,1.50654399246315
2022-09-07,153.38766479492188,87449600,0.9253890693229128,1.5303691496776592
2022-09-08,151.9124298095703,84923800,-0.9617689840470178,1.376555921290346
2022-09-09,154.77444458007812,68028800,1.8839898579039893,1.4719305913102596
2022-09-12,160.7344512939453,104956000,3.8507692468465304,1.6604683739191035
2022-09-13,151.30264282226562,122656600,-5.867944548136195,2.066247745177785
2022-09-14,152.7483673095703,87965400,0.9555183309011728,2.0921231381336236
2022-09-15,149.85687255859375,90481100,-1.892979153823926,2.0865564935888528
2022-09-16,148.21441650390625,162278800,-1.0960165033774505,2.086220656390932
2022-09-19,151.9320526123047,81474200,2.5082823898581186,2.1947326945475614
2022-09-20,154.31214904785156,107689800,1.5665532023188877,2.1978637505005065
2022-09-21,151.18463134765625,101696800,-2.026747550010133,2.230982403363524
2022-09-22,150.2208251953125,86652500,-0.6375027301071534,2.227360732478731
2022-09-23,147.94888305664062,96029900,-1.51240158328112,2.1914066067476616
2022-09-26,148.28326416015625,93339400,0.22601123888688068,2.0644671884658186
2022-09-27,149.25692749023438,84442700,0.6566238850977069,2.06347841073812
2022-09-28,147.36859130859375,146691400,-1.2651581493690944,2.0558964072962307
2022-09-29,140.1300048828125,128138200,-4.91189225703017,2.299431207813836
2022-09-30,135.92056274414062,124925300,-3.0039548933093463,2.355547936652823
2022-10-03,140.10047912597656,114311700,3.075264181847359,2.489096184504507
2022-10-04,143.69027709960938,87830100,2.562302424679719,2.5737509511914785
2022-10-05,143.98533630371094,79471000,0.20534388968922457,2.56147606510826
2022-10-06,143.03131103515625,68402200,-0.6625850194511118,2.5581827847607133
2022-10-07,137.7794189453125,85925600,-3.6718478295656998,2.6131116857630974
2022-10-10,138.1039581298828,74899000,0.2355498281634727,2.4100269333301068
2022-10-11,136.68771362304688,77033700,-1.0254916122708124,2.0882150383808273
2022-10-12,136.0582733154297,70433700,-0.4604951615132302,2.060599165116532
2022-10-13,140.63160705566406,113224000,3.3613051443272646,2.2107221330035123
2022-10-14,136.09765625,88598000,-3.2239913207202875,2.3007370474033344
2022-10-17,140.06114196777344,85250900,2.912236571137461,2.329211173756413
2022-10-18,141.37905883789062,99136600,0.940958249805246,2.305776580130885
2022-10-19,141.4872283935547,61758300,0.07651030962660954,2.2759926690496246
2022-10-20,141.02496337890625,64522000,-0.326718545480742,2.274671933908493
2022-10-21,144.84100341796875,86548600,2.7059323027863957,2.3497523619504115
2022-10-24,146.98501586914062,75981900,1.4802524151154017,2.3749430503215967
2022-10-25,149.82736206054688,74732300,1.9337659519911732,2.4109059334331984
2022-10-26,146.8866729736328,88194300,-1.9627183222552524,2.4358028062654427
2022-10-27,142.4117431640625,109180200,-3.046518597622261,2.2672202093006564
2022-10-28,153.1713104248047,164762400,7.555252833572057,2.6943010056827146
2022-10-31,150.81088256835938,97943200,-1.541037841811832,2.6717248796850854
2022-11-01,148.16526794433594,80379300,-1.7542597582931307,2.662394377883679
2022-11-02,142.63795471191406,93604600,-3.7305053398198784,2.8026973010156095
2022-11-03,136.5894012451172,97918500,-4.240493688382685,2.9564976865826886
2022-11-04,136.32339477539062,140814800,-0.1947489829384308,2.84089302875453
2022-11-07,136.85537719726562,83374600,0.39023560317839046,2.841822208097637
2022-11-08,137.42674255371094,89908500,0.41749573027134446,2.8329210892350756
2022-11-09,132.8655548095703,74917800,-3.3189957495776023,2.9312110918767575
2022-11-10,144.68722534179688,118854000,8.897468233335548,3.482656815563911
2022-11-11,147.4751434326172,93979700,1.9268584937159217,3.405848090678289
2022-11-14,146.07623291015625,73374100,-0.9485737663310734,3.3685154790166116
2022-11-15,147.81008911132812,89868300,1.1869529810768498,3.371568947936563
2022-11-16,146.5786590576172,64218300,-0.8331163732561264,3.380515211088404
2022-11-17,148.47998046875,80389400,1.2971338551988287,3.385941033158825
2022-11-18,149.04151916503906,74829600,0.3781915208476594,3.3389670674923972
2022-11-21,145.81027221679688,58724100,-2.1680179901173102,3.364592111527793
2022-11-22,147.94802856445312,51804100,1.4661219097634959,3.3521373964810453
2022-11-23,148.82479858398438,58301400,0.5926202789172663,3.3224054346634437
2022-11-25,145.90879821777344,35195900,-1.9593511255890483,3.2765059200918922
2022-11-28,142.0765838623047,69246000,-2.6264450137880258,2.8292523359942026
2022-11-29,139.07192993164062,83763800,-2.1148129051132503,2.8449573897647538
2022-11-30,145.82997131347656,111380900,4.859385632426183,3.0520311180523896
2022-12-01,146.10580444335938,71250400,0.18914707820238963,2.9255421497314344
2022-12-02,145.6132354736328,65447400,-0.33713169138157584,2.7409110400385157
2022-12-05,144.45079040527344,68826400,-0.7983100331355963,2.750588303214244
2022-12-06,140.78607177734375,64727200,-2.537001436716191,2.8238311493398736
2022-12-07,138.8453369140625,69721100,-1.3784991929816526,2.844312923831448
2022-12-08,140.5299072265625,62128300,1.2132710755296428,2.7370515437700895
2022-12-09,140.04721069335938,76097000,-0.3434831366001867,1.847446263024607
2022-12-12,142.3425750732422,70462700,1.6389932855632727,1.8314931793737992
2022-12-13,143.3080291748047,93886200,0.6782609497304248,1.830806708261659
2022-12-14,141.08157348632812,82291200,-1.5536154542749148,1.833563100289297
2022-12-15,134.47137451171875,98931900,-4.685373724762121,2.0865884566966146
2022-12-16,132.51092529296875,160156900,-1.4578933441177444,2.0587489267176986
2022-12-19,130.40272521972656,79592600,-1.5909632119624595,2.059250253717912
2022-12-20,130.33375549316406,77432800,-0.0528897892634439,2.0310719659309653
2022-12-21,133.43692016601562,85928000,2.380937049737919,2.0881259711756726
2022-12-22,130.26480102539062,77852100,-2.3772424728316643,2.1122331509532626
2022-12-23,129.90029907226562,63814900,-0.2798161516048836,2.090403592225498
2022-12-27,128.09750366210938,69007800,-1.3878300689310397,2.043746188402488
2022-12-28,124.16679382324219,85438400,-3.0685296172792365,2.0939955242861084
2022-12-29,127.6837387084961,75703700,2.8324359331211024,1.8539872386039842
2022-12-30,127.99899291992188,77034200,0.24690239698064165,1.8554006009185904
2023-01-03,123.21121978759766,112117500,-3.740477189003766,1.9779061749401423
2023-01-04,124.4820327758789,89113600,1.0314101187148372,2.020481817009985
2023-01-05,123.16194152832031,80962700,-1.0604672964614315,1.977167587272485
2023-01-06,127.693603515625,87754700,3.679433704171231,2.190721655051878
2023-01-09,128.2156982421875,70790800,0.4088652150055605,2.1668983705128833
2023-01-10,128.78709411621094,63896200,0.44565203938142783,2.1758200431315955
2023-01-11,131.5060577392578,69458900,2.111208146829857,2.201471302870334
2023-01-12,131.42726135253906,71379600,-0.05991844639962052,2.189089500422426
2023-01-13,132.7571563720703,57809700,1.011886731751921,2.1936434429039915
2023-01-17,133.91964721679688,63646600,0.8756521128461925,1.9442001342318387
2023-01-18,133.2005157470703,69672800,-0.5369872790677133,1.918656656610121
2023-01-19,133.25961303710938,58280400,0.044367163075609284,1.879789463877547
2023-01-20,135.82093811035156,80223600,1.9220565142485713,1.9213536878166093
2023-01-23,139.01283264160156,81760300,2.3500754564488746,1.9195417523898177
2023-01-24,140.41171264648438,66435100,1.0062955903426207,1.8251442047382234
2023-01-25,139.7516632080078,65799300,-0.4700814668776032,1.8293191909190676
2023-01-26,141.82046508789062,54105100,1.480341508926153,1.7953733126840203
2023-01-27,143.76116943359375,70555800,1.3684233403834956,1.5903165980721492
2023-01-30,140.87472534179688,64015300,-2.0078051000622876,1.6242401678484504
2023-01-31,142.14553833007812,65874500,0.9020872872674168,1.625360190173983
2023-02-01,143.2686004638672,77663600,0.7900790605056995,1.275788397583573
2023-02-02,148.57850646972656,118339000,3.706259423675018,1.4354416634534781
2023-02-03,152.2038116455078,154357300,2.4399930123943703,1.3969186231777848
2023-02-06,149.4749755859375,69858300,-1.7928828654606543,1.395538776370757
2023-02-07,152.35157775878906,83322600,1.924470742728257,1.414219291352222
2023-02-08,149.6621551513672,64120100,-1.7652738796574252,1.5311687135117777
2023-02-09,148.62779235839844,56007100,-0.6911318308376657,1.529715010524863
2023-02-10,148.99278259277344,57450700,0.2455733403446292,1.5240317243974781
2023-02-13,151.7948760986328,62199000,1.8806907670944284,1.5473875907400743
2023-02-14,151.15357971191406,61707600,-0.42247564819121175,1.5660215707934804
2023-02-15,153.255126953125,65573800,1.3903390480174638,1.550383951716915
2023-02-16,151.65675354003906,68167900,-1.0429493909034582,1.5936022540015071
2023-02-17,150.5122528076172,59144100,-0.7546651934097426,1.5944940442038356
2023-02-21,146.4966278076172,58867200,-2.6679721584745075,1.6847566372100287
2023-02-22,146.9208984375,51011300,0.28961119189718776,1.6760042762162766
2023-02-23,147.40432739257812,48394200,0.3290402932594194,1.6676865284261446
2023-02-24,144.75027465820312,55469600,-1.8005256570972517,1.7043678671974096
2023-02-27,145.944091796875,44998500,0.8247425723307389,1.6875947885694553
2023-02-28,145.44091796875,50547000,-0.34477163270529854,1.618402302451625
2023-03-01,143.36895751953125,55479000,-1.4246062787254599,1.6465402122633181
2023-03-02,143.96096801757812,52238100,0.41292795057550347,1.639832607536603
2023-03-03,149.0125732421875,70732300,3.5090103200699163,1.617036651054695
2023-03-06,151.77516174316406,87558000,1.8539297999280668,1.5757914748499227
2023-03-07,149.57493591308594,56182000,-1.4496613311480888,1.5570225629798613
2023-03-08,150.82797241210938,47204800,0.8377315967907473,1.5049641169119916
2023-03-09,148.5784149169922,53833600,-1.49147234371797,1.4896063529967385
2023-03-10,146.51637268066406,68572400,-1.3878477822502955,1.5139319232851174
2023-03-13,148.4600372314453,84457100,1.3265852240401221,1.544430824981322
2023-03-14,150.55169677734375,73695900,1.4089040962838917,1.5174546761048482
2023-03-15,150.9463653564453,77167900,0.2621482105812811,1.5158611512450286
2023-03-16,153.76820373535156,76161100,1.86943115340521,1.5424734520031196
2023-03-17,152.92953491210938,98944600,-0.5454110816600299,1.5282389843418451
2023-03-20,155.2974395751953,73641400,1.5483632147621496,1.5507897100295094
2023-03-21,157.15234375,73938300,1.1944203200507708,1.4134478524237561
2023-03-22,155.72169494628906,75701800,-0.9103579174020049,1.4418268030611263
2023-03-23,156.80702209472656,67622100,0.6969659229639324,1.4445462847982204
2023-03-24,158.10939025878906,59196500,0.8305547459958484,1.358559049822192
2023-03-27,156.1656951904297,52390300,-1.229335629704209,1.4056498690575112
2023-03-28,155.5441131591797,45992200,-0.3980272559168885,1.4070817475964101
2023-03-29,158.62245178222656,51305700,1.9790775494644253,1.3873924893652576
2023-03-30,160.19119262695312,49501700,0.9889778067989408,1.391116776108425
2023-03-31,162.697265625,68749800,1.5644262065536374,1.23186945443405
2023-04-03,163.9503173828125,56976200,0.770173827445042,1.1898656981975182
2023-04-04,163.4175262451172,46278300,-0.32497109258488033,1.1228729003611757
2023-04-05,161.57252502441406,51511700,-1.1290106166065184,1.172124969504686
2023-04-06,162.4604949951172,45390100,0.5495798066960544,1.0891658609055666
2023-04-10,159.86561584472656,47716900,-1.5972370085839072,1.1086269249867422
2023-04-11,158.65206909179688,47644200,-0.7591042930134351,1.1191598639506202
2023-04-12,157.96139526367188,50133100,-0.4353386829927697,1.1021695673664236
2023-04-13,163.3484649658203,68445600,3.4103710550012822,1.3098115356027473
2023-04-14,163.00315856933594,49386500,-0.21139249551970218,1.2692705008327847
2023-04-17,163.02285766601562,41516200,0.012085101204539761,1.2557854553310994
2023-04-18,164.24632263183594,49923000,0.7504867620016897,1.2273107776741727
2023-04-19,165.39085388183594,47720200,0.6968382802490458,1.2129202204020664
2023-04-20,164.4239044189453,52456400,-0.5846450636148637,1.1984405058367433
2023-04-21,162.81568908691406,58337300,-0.9780909519905179,1.2259111369755702
2023-04-24,163.12152099609375,41949600,0.1878393359355135,1.2167713903469253
2023-04-25,161.5823974609375,48714100,-0.9435441294058933,1.2011354285641598
2023-04-26,161.57252502441406,45498800,-0.006109846541813013,1.1944313785927938
2023-04-27,166.16038513183594,64902300,2.839505111855267,1.274788748827481
2023-04-28,167.41343688964844,55275900,0.7541218424706342,1.2685934208966119
2023-05-01,167.3246307373047,52472900,-0.053046012311597224,1.229898688114541
2023-05-02,166.2886505126953,48425700,-0.6191438881678057,1.2321070520913184
2023-05-03,165.21319580078125,65136000,-0.6467396954622284,1.2397225322339365
2023-05-04,163.5753631591797,81235400,-0.9913449308108002,1.2331270540730677
2023-05-05,171.25144958496094,113453200,4.692691049269704,1.6089024024715783
2023-05-08,171.18240356445312,55962800,-0.04031850280692417,1.5500915528434844
2023-05-09,169.47552490234375,45326900,-0.9971110502994596,1.5599670040000717
2023-05-10,171.24159240722656,53724500,1.0420782032688702,1.5562029791726537
2023-05-11,171.42906188964844,49514700,0.10947660541258397,1.3878169978639787
2023-05-12,170.50033569335938,45533100,-0.5417553978606549,1.3955506635876924
2023-05-15,170.00633239746094,37266700,-0.2897374330024127,1.3997042930868357
2023-05-16,170.00633239746094,42110300,0.0,1.394758990662757
2023-05-17,170.61892700195312,57951600,0.3603363450368269,1.3902381439143878
2023-05-18,172.95059204101562,65496700,1.3665922532942743,1.403286563047476
2023-05-19,173.05929565429688,55809500,0.06285240888650456,1.373855757355144
2023-05-22,172.11077880859375,43570900,-0.5480877765721925,1.3872123012589408
2023-05-23,169.50244140625,50747300,-1.5154991572285614,1.4192359489011388
2023-05-24,169.7790985107422,45143500,0.1632171797626869,1.4181390319552225
2023-05-25,170.91531372070312,56058300,0.6692315013612005,1.2871449613639823
2023-05-26,173.32603454589844,54835000,1.4104767868458712,1.311524936811696
2023-05-30,175.17361450195312,55964400,1.0659563988152154,1.3247846310076388
2023-05-31,175.1242218017578,99625300,-0.028196426919513407,1.3111894873710812
2023-06-01,177.93014526367188,68901800,1.6022474978306445,1.325047801115185
2023-06-02,178.7798309326172,61996900,0.47753890589263825,1.28516516399474
2023-06-05,177.42625427246094,121946500,-0.7571193311321722,0.8393861039862022
2023-06-06,177.0607147216797,64848400,-0.20602337138895255,0.8424936141341071
2023-06-07,175.68739318847656,61944600,-0.7756218172742857,0.8276372361515887
2023-06-08,178.4044189453125,50214900,1.546511509747961,0.8621487363838694
2023-06-09,178.78970336914062,48900000,0.21596125595197968,0.8618329914219617
2023-06-12,181.58575439453125,54274900,1.5638769865945257,0.8927166939631316
2023-06-13,181.11155700683594,54929100,-0.26114239482961654,0.8917123964913065
2023-06-14,181.74386596679688,57462900,0.3491267870537218,0.8885163622987973
2023-06-15,183.7791748046875,65433200,1.119877596453489,0.9055845426736938
2023-06-16,182.70220947265625,101256200,-0.586010538558468,0.8984047040422596
2023-06-20,182.7911376953125,49799100,0.048673862737036444,0.8985893676017538
2023-06-21,181.75375366210938,49515700,-0.5675242499624367,0.8995395256682236
2023-06-22,184.75726318359375,51245300,1.6525158138236185,0.8445751753755252
2023-06-23,184.44110107421875,53117000,-0.17112296638689406,0.8535032076614973
2023-06-26,183.04800415039062,48088700,-0.7553072041505238,0.8901291797923759
2023-06-27,185.80453491210938,50730800,1.5059059368131678,0.8963625068715402
2023-06-28,186.98028564453125,51216800,0.6327890398251323,0.8833423834135586
2023-06-29,187.3162078857422,46347300,0.17965650231681618,0.880118870689986
2023-06-30,191.64370727539062,85213200,2.3102642523534778,0.9453524777415728
2023-07-03,190.15179443359375,31458200,-0.7784825617326518,0.9793695662825025
2023-07-05,189.03533935546875,46920300,-0.5871388600094951,0.9702865676181691
2023-07-06,189.5095977783203,45094300,0.2508834720897024,0.9625520354604188
2023-07-07,188.3931121826172,46815000,-0.5891446178937776,0.9519739559362492
2023-07-10,186.34799194335938,59922200,-1.0855599844199149,0.9603381454621485
2023-07-11,185.82435607910156,46638100,-0.28099893044030155,0.9669203186552437
2023-07-12,187.4940643310547,60750200,0.898541120864893,0.9281044024251207
2023-07-13,188.25482177734375,41342300,0.40575014947983323,0.9239859509557133
2023-07-14,188.4030303955078,41616200,0.07872766113761198,0.9236308210297338
2023-07-17,191.66343688964844,50520200,1.7305488596951912,0.965345433909153
2023-07-18,191.4065399169922,48288200,-0.13403546175797532,0.9507962317205069
2023-07-19,192.76014709472656,80507300,0.7071896176177761,0.9553136706094403
2023-07-20,190.81375122070312,59581200,-1.00975014978949,0.9805086829281355
2023-07-21,189.63803100585938,71951700,-0.6161611557459867,0.9398654094968367
2023-07-24,190.43833923339844,45377800,0.4220188446875106,0.9390676246136437
2023-07-25,191.2978973388672,37283200,0.4513576987327683,0.915339206322261
2023-07-26,192.1673126220703,47471900,0.4544824043011042,0.8667827942528891
2023-07-27,190.9026641845703,47460200,-0.6580975818645807,0.878649470583041
2023-07-28,193.4813690185547,48291400,1.3507956240417895,0.9216822734662738
2023-07-31,194.09393310546875,38824100,0.3166010712149392,0.7734672527987767
2023-08-01,193.2639923095703,35175100,-0.42759749499612365,0.7571013902227114
2023-08-02,190.2703399658203,50389300,-1.5489964312414561,0.8290986401460805
2023-08-03,188.8772430419922,61235200,-0.7321671491617554,0.8446716675770509
2023-08-04,179.807373046875,115956800,-4.801991944101347,1.3624338662569966
2023-08-07,176.70501708984375,97576100,-1.7253774995213744,1.3909428314413386
2023-08-08,177.64361572265625,67823000,0.5311669404017394,1.4019849698983442
2023-08-09,176.0529327392578,60378500,-0.8954349284816754,1.384244440638887
2023-08-10,175.8355712890625,54686900,-0.1234636917507248,1.374969007619709
2023-08-11,175.8949432373047,52036700,0.03376560715611099,1.3742995533826083
2023-08-14,177.54718017578125,43675600,0.9393316874649837,1.3221469848133218
2023-08-15,175.5585479736328,43622600,-1.1200584544229786,1.3311082255009734
2023-08-16,174.68795776367188,46964900,-0.49589736302199094,1.3042776485051784
2023-08-17,172.1453094482422,66062900,-1.455537260827977,1.3174994649783918
2023-08-18,172.63011169433594,61172200,0.281623848856305,1.3287612862932319
2023-08-21,173.96572875976562,46311900,0.773687192993644,1.3432970068173105
2023-08-22,175.34091186523438,42038900,0.7904908140659028,1.357243445299657
2023-08-23,179.18943786621094,52722800,2.194881936016446,1.46792252139219
2023-08-24,174.49996948242188,54945800,-2.617045089058423,1.553238377907033
2023-08-25,176.7061767578125,51449600,1.264302384656224,1.5481118922712926
2023-08-28,178.26937866210938,43820700,0.8846334253721944,1.5678251781878088
2023-08-29,182.15745544433594,53003900,2.1810121353460277,1.6715765089321946
2023-08-30,185.64984130859375,60813900,1.9172346559952036,1.7124955614911823
2023-08-31,185.86749267578125,60794500,0.11723757243924382,1.706743800026819
2023-09-01,187.4405517578125,45766500,0.8463336215414508,1.3009538810937171
2023-09-05,187.67799377441406,45280000,0.12667590570707432,1.21880293589463
2023-09-06,180.96035766601562,81755800,-3.5793413885662706,1.4946761394014436
2023-09-07,175.66737365722656,112488800,-2.9249411733358266,1.6289096892087893
2023-09-08,176.28076171875,65551300,0.34917585932623396,1.6304253411535268
2023-09-11,177.44821166992188,58953100,0.6622673624672171,1.6366405849492303
2023-09-12,174.4208221435547,90370200,-1.7060693358795564,1.6681570728023798
2023-09-13,172.3531036376953,84267900,-1.1854768716533015,1.6703757699647481
2023-09-14,173.86679077148438,60895800,0.8782476798160799,1.680543988381877
2023-09-15,173.14456176757812,109259500,-0.4153921520616777,1.6492592704344369
2023-09-18,176.07302856445312,67257600,1.6913420594786288,1.6896694806749555
2023-09-19,177.16128540039062,51826900,0.6180712882661199,1.686820234453037
2023-09-20,173.61944580078125,58436200,-1.9992176008458595,1.7415785928333745
2023-09-21,172.07608032226562,63149100,-0.8889358397598857,1.6687747303651632
2023-09-22,172.92691040039062,56725400,0.4944499412885106,1.5727777654196309
2023-09-25,174.2031707763672,46172700,0.7380345679116829,1.5542163275230916
2023-09-26,170.1270751953125,64588900,-2.3398515439695178,1.617070572259128
2023-09-27,168.61337280273438,66921800,-0.8897480843894745,1.5198644996515782
2023-09-28,168.87062072753906,56294400,0.1525667392382024,1.428282735043859
2023-09-29,169.38507080078125,51861100,0.30464154808325095,1.4328951188779033
2023-10-02,171.8979949951172,52164500,1.4835570705587608,1.4699215782569406
2023-10-03,170.56239318847656,49594600,-0.7769734642213644,1.466068139303946
2023-10-04,171.8089599609375,53020300,0.7308567552071432,1.2907423420873338
2023-10-05,173.04563903808594,48527900,0.7197989426334983,1.1421083966102499
2023-10-06,175.59811401367188,57266700,1.475029934169081,1.1905206468822456
2023-10-09,177.08212280273438,42390800,0.8451165876115052,1.1966625418985541
2023-10-10,176.48855590820312,43698000,-0.33519300827021814,1.1314948135073886
2023-10-11,177.88348388671875,47551100,0.790378713983686,1.1024477234708667
2023-10-12,178.78382873535156,56743100,0.5061430263003874,1.0928547327916154
2023-10-13,176.9436492919922,51427100,-1.0292762250233123,1.117766275796969
2023-10-16,176.8150177001953,52517000,-0.07269635972332322,1.0546086110036847
2023-10-17,175.26174926757812,57549400,-0.8784708747143211,1.0634683814734534
2023-10-18,173.96572875976562,54764400,-0.7394771039480053,0.9755190603447523
2023-10-19,173.5897674560547,59302900,-0.2161122804998694,0.9540899690056738
2023-10-20,171.03729248046875,64244000,-1.4704063568908854,1.0054906693177212
2023-10-23,171.156005859375,55980100,0.06940789180218676,0.988885224285476
2023-10-24,171.59132385253906,43816600,0.2543398877406178,0.8356117041641379
2023-10-25,169.27626037597656,57157000,-1.3491728046529872,0.8683675137425629
2023-10-26,165.11114501953125,70625300,-2.4605431069863237,1.0295124771691824
2023-10-27,166.42694091796875,58499100,0.7969152526208001,1.045641726661908
2023-10-30,168.474853515625,51131000,1.2305174789372986,1.0270569346194272
2023-10-31,168.9497528076172,44846000,0.28188140964795494,1.0173237747505164
2023-11-01,172.11566162109375,56934900,1.8738759665908322,1.0923949330494431
2023-11-02,175.67727661132812,77334800,2.069314876222683,1.176674337364849
2023-11-03,174.76710510253906,79829200,-0.518092906689771,1.1361975618969185
2023-11-06,177.319580078125,63841300,1.4605008042493761,1.1686585334340431
2023-11-07,179.88198852539062,70530000,1.4450792440048987,1.207867936897885
2023-11-08,180.94058227539062,49340300,0.5884934665654873,1.2026464188802528
2023-11-09,180.46568298339844,53763500,-0.2624614589055496,1.200998955561811
2023-11-10,184.6561279296875,66133400,2.322017614104821,1.2735480593518325
2023-11-13,183.07107543945312,43627500,-0.8583806603146837,1.2950288437850292
2023-11-14,185.68637084960938,60108400,1.428568332751845,1.2983448074574822
2023-11-15,186.2510528564453,53790500,0.30410525244919384,1.2752490813768311
2023-11-16,187.9351348876953,54412900,0.9042000060788924,1.2737012182706227
2023-11-17,187.9153594970703,50922700,-0.010522455333761283,1.2002509531999939
2023-11-20,189.6588592529297,46505100,0.9278112020888685,1.200200033084257
2023-11-21,188.85647583007812,38134500,-0.4230666713973541,1.217566701591087
2023-11-22,189.52017211914062,39617700,0.35142892831467876,1.1394198387627672
2023-11-24,188.19273376464844,24048300,-0.700420614676156,0.9440411325804107
2023-11-27,188.01438903808594,40552600,-0.09476706299699211,0.9582132845672575
2023-11-28,188.6186981201172,38415400,0.3214164006930531,0.9490469825097259
2023-11-29,187.59832763671875,43014200,-0.5409699534394186,0.9795650122363415
2023-11-30,188.17291259765625,48794400,0.3062846925001139,0.927666080283506
2023-12-01,189.4508514404297,45704800,0.6791300751696872,0.8487534919920438
2023-12-04,187.6577606201172,43389500,-0.9464675437873771,0.8775665410621533
2023-12-05,191.6104278564453,66628400,2.1063169587372643,0.9304746037188568
2023-12-06,190.52073669433594,41089700,-0.5687013876540026,0.9194578582591254
2023-12-07,192.45248413085938,47477700,1.0139302786880577,0.9315276659302663
2023-12-08,193.87904357910156,53406400,0.7412528108871719,0.9259151810737484
2023-12-11,191.3726806640625,60943700,-1.2927456566580786,0.8748119204685073
2023-12-12,192.8883819580078,52696900,0.7920155001674312,0.8489241435566838
2023-12-13,196.10797119140625,70404200,1.6691462703540827,0.8677752048319589
2023-12-14,196.25656127929688,66831600,0.07576952991146246,0.8689007041249522
2023-12-15,195.7216033935547,128538400,-0.27258089220307813,0.8632025883669193
2023-12-18,194.0573272705078,55751900,-0.8503282694350189,0.8941958106838739
2023-12-19,195.09751892089844,40714100,0.5360228675831635,0.8807897676112015
2023-12-20,193.0072784423828,52242800,-1.0713823989546012,0.9141019542044023
2023-12-21,192.85861206054688,46482500,-0.0770263085598133,0.9132333006282107
2023-12-22,191.78875732421875,37149600,-0.55473526688673,0.9071466693591597
2023-12-26,191.243896484375,28919300,-0.2840942542438274,0.9102530130401179
2023-12-27,191.3429718017578,48087700,0.05180574083885059,0.9086265719240695
2023-12-28,191.76895141601562,34049900,0.22262621419884,0.8973263754741724
2023-12-29,190.728759765625,42672100,-0.5424192199570799,0.9077524740936022
2024-01-02,183.9032440185547,82488700,-3.5786505168165395,1.207502352978719
2024-01-03,182.52622985839844,58414500,-0.7487710004818182,1.201359595935129
2024-01-04,180.20814514160156,71983600,-1.2700008752688396,1.1035720821364345
2024-01-05,179.48495483398438,62379700,-0.4013083354522773,1.1020642309823938
2024-01-08,183.82395935058594,59144500,2.417475336924446,1.227189309787397
2024-01-09,183.4078826904297,42841800,-0.22634517373369967,1.20611227253381
2024-01-10,184.4480743408203,46792900,0.5671466433895489,1.1947759805305926
2024-01-11,183.8536834716797,49128400,-0.3222537677689763,1.1729787367835312
2024-01-12,184.18060302734375,40477800,0.17781506983753914,1.0901743640666968
2024-01-16,181.9120330810547,65603000,-1.2317094791747807,1.1050780834661778
2024-01-17,180.9709014892578,47317400,-0.5173553260094277,1.105263580331364
2024-01-18,186.86524963378906,78005800,3.257069559816017,1.3652950574439198
2024-01-19,189.767822265625,68903000,1.5532971686947006,1.4115327905530108
2024-01-22,192.0760498046875,60133900,1.2163429560948291,1.4237825723396471
2024-01-23,193.35398864746094,42355600,0.6653296150524346,1.4317226389321824
2024-01-24,192.68032836914062,53631300,-0.3484077484166015,1.4280826662599972
2024-01-25,192.35342407226562,54822100,-0.16966148004933235,1.4269746733020396
2024-01-26,190.61981201171875,44594000,-0.9012639462532057,1.442341532300338
2024-01-29,189.93626403808594,47145600,-0.3585923028770921,1.4432829071272195
2024-01-30,186.28074645996094,55859400,-1.9246022325636547,1.5006531986029215
2024-01-31,182.67483520507812,55467800,-1.9357401789550255,1.336628642876571
2024-02-01,185.11183166503906,64885400,1.3340624926389433,1.3582411788481636
2024-02-02,184.11126708984375,102551700,-0.5405189750409045,1.3295994928989616
2024-02-05,185.92413330078125,69668800,0.9846579405989653,1.3373393237880027
2024-02-06,187.5289764404297,43490800,0.8631709671880872,1.2425721149302207
2024-02-07,187.6379852294922,53439000,0.05812903751283294,1.2401798973819889
2024-02-08,186.55813598632812,40962000,-0.5754960765771089,1.2448725568002779
2024-02-09,187.32191467285156,45155200,0.40940518754937205,1.2436677471469157
2024-02-12,185.6356658935547,41781900,-0.9001876701088762,1.2633583697174668
2024-02-13,183.54275512695312,56529500,-1.1274292343162462,1.258007551715886
2024-02-14,182.65992736816406,54630500,-0.48099297527620655,1.257167218319692
2024-02-15,182.37229919433594,65434500,-0.15746648866687973,1.0060486011863699
2024-02-16,180.83482360839844,49752500,-0.8430422782021108,0.9370062002787846
2024-02-20,180.0908966064453,53665600,-0.4113848135600895,0.8726431113786527
2024-02-21,180.8447723388672,41371400,0.41860846196424273,0.8596579661376261
2024-02-22,182.878173828125,52292200,1.1243905272791732,0.9190577342348655
2024-02-23,181.0431365966797,45119700,-1.0034205794125728,0.9336949039167872
2024-02-26,179.6941375732422,40867400,-0.7451257467123718,0.9290298510187169
2024-02-27,181.15225219726562,54318900,0.8114425121015012,0.9608167785143923
2024-02-28,179.95204162597656,48953900,-0.662542450745851,0.8820200459550811
2024-02-29,179.28746032714844,136682600,-0.36931023000530416,0.7805940604148949
2024-03-01,178.20626831054688,73563100,-0.6030494350406257,0.7116449535304503
2024-03-04,173.6831817626953,81510100,-2.5381186591986293,0.8832823144152325
2024-03-05,168.7434539794922,95132400,-2.8441025395034014,1.0002442476949143
2024-03-06,167.75155639648438,68587700,-0.5878139623290868,0.9490975447125721
2024-03-07,167.6325225830078,71765100,-0.07095839587635266,0.9451652182503334
2024-03-08,169.34852600097656,76267000,1.0236697458985144,1.0090738450765113
2024-03-11,171.35218811035156,60139500,1.1831588716416874,1.0585043478291678
2024-03-12,171.82830810546875,59825400,0.277860469929081,1.0642624231466897
2024-03-13,169.74533081054688,52488700,-1.21224338287923,1.0675601003800832
2024-03-14,171.60015869140625,72913500,1.0927121659267014,1.1169293843087498
2024-03-15,171.2232208251953,121752700,-0.21966055805857643,1.116581081744885
2024-03-18,172.31434631347656,75604200,0.6372532201080361,1.1283146454358708
2024-03-19,174.65525817871094,55215200,1.3585124601150467,1.1818826808134673
2024-03-20,177.22430419921875,53423100,1.4709239488679415,1.2307742142115587
2024-03-21,169.98333740234375,106181300,-4.0857639868262075,1.484580059202847
2024-03-22,170.88601684570312,71160100,0.5310399578887903,1.488913599264541
2024-03-25,169.4675750732422,54288300,-0.8300513983784175,1.490437432005611
2024-03-26,168.3367919921875,57388400,-0.667256305854369,1.469883398013652
2024-03-27,171.9076690673828,60273300,2.121269529337977,1.5678482856009643
2024-03-28,170.0924530029297,65672700,-1.0559250057317726,1.5788469419391225
2024-04-01,168.65420532226562,46240500,-0.8455681926342051,1.5826204576688774
2024-04-02,167.4738311767578,49329500,-0.6998782765317624,1.494463454181767
2024-04-03,168.2772674560547,47691700,0.47973840071102725,1.360370006131026
2024-04-04,167.45401000976562,53704400,-0.4892267736068767,1.358323888801659
2024-04-05,168.2078399658203,42104800,0.4501713371992233,1.361885163769553
2024-04-08,167.0869903564453,37425500,-0.6663480189762594,1.3490973603337035
2024-04-09,168.29713439941406,42373800,0.7242598842597925,1.33064507317507
2024-04-10,166.4224090576172,49709300,-1.1139377675603468,1.3471587219144092
2024-04-11,173.6236572265625,91070300,4.327090449971904,1.652346491784137
2024-04-12,175.1214599609375,101670900,0.8626720334663274,1.6460514502951429
2024-04-15,171.2926788330078,73531800,-2.186357473712097,1.7239638296097388
2024-04-16,168.0094757080078,73711200,-1.9167212208764495,1.769522081602213
2024-04-17,166.640625,50901200,-0.8147461339542583,1.740993827033031
2024-04-18,165.68838500976562,43122900,-0.5714332805907163,1.6958914509746095
2024-04-19,163.66490173339844,68149400,-1.221258373812939,1.466815065892026
2024-04-22,164.49810791015625,48116400,0.509092766948327,1.4662639191180047
2024-04-23,165.54953002929688,49537800,0.6391697342287284,1.4687957457792638
2024-04-24,167.65240478515625,48251800,1.270239036913745,1.4935674764140967
2024-04-25,168.51535034179688,50558300,0.5147230412510195,1.4139991278954311
2024-04-26,167.93011474609375,44838400,-0.34728919028212957,1.3973067373775183
2024-04-29,172.09613037109375,68169400,2.48080317892887,1.4929211506943205
2024-04-30,168.9517822265625,65934800,-1.8270882312990122,1.545516490682095
2024-05-01,167.93011474609375,50383100,-0.6047095017315041,1.548856983290175
2024-05-02,171.6299285888672,94214900,2.203186634134968,1.6194100803816218
2024-05-03,181.8961944580078,163224100,5.981629167796876,2.0821902422600234
2024-05-06,180.2397003173828,78569700,-0.9106810318714076,2.08955480472129
2024-05-07,180.92408752441406,77305800,0.37970946790641946,2.0881599947500624
2024-05-08,181.2613525390625,45057100,0.1864124447237714,2.0591500244432352
2024-05-09,183.07656860351562,48983000,1.0014357936901863,1.8533892035969064
2024-05-10,181.8151397705078,50759500,-0.6890170831962972,1.860242582508057
2024-05-13,185.0233154296875,72044800,1.7645261352982722,1.801923703170202
2024-05-14,186.16558837890625,52393600,0.6173670310501089,1.7174572917002366
2024-05-15,188.44015502929688,70400000,1.2217975782727208,1.6938607710230449
2024-05-16,188.55931091308594,52845200,0.0632327455740711,1.6760205523545857
2024-05-17,188.589111328125,41282900,0.015804265986529842,1.6249222606754472
2024-05-20,189.751220703125,44361300,0.6162123395226482,1.6243547298146381
2024-05-21,191.05238342285156,42309400,0.6857203420906011,1.6242527770062043
2024-05-22,189.61216735839844,34648500,-0.7538330789967351,1.6517242063269575
2024-05-23,185.6192626953125,51005900,-2.1058272360437114,1.7616342104277762
2024-05-24,188.69834899902344,36327000,1.6588183031225334,1.7680143261464019
2024-05-28,188.7082977294922,52280100,0.005272293330338407,1.7152243459048215
2024-05-29,189.0062713623047,53068000,0.15790171200613656,1.6303026795408202
2024-05-30,189.99951171875,49889100,0.5255065608597675,1.606684805242532
2024-05-31,190.9530487060547,75158300,0.5018628620036436,1.5635375880218794
2024-06-03,192.72103881835938,50080500,0.9258768709297982,0.9110578926519125
2024-06-04,193.03887939453125,47471400,0.16492261463547653,0.8669165492403601
2024-06-05,194.5486297607422,54156800,0.782096524257847,0.8723632786974043
2024-06-06,193.16799926757812,41181800,-0.70965829718872,0.9045590904622782
2024-06-07,195.561767578125,53103900,1.2392157705329865,0.9154493405210014
2024-06-10,191.81716918945312,97010200,-1.9147906234668,1.0223612393961499
2024-06-11,205.75253295898438,172373300,7.264919938302095,1.8497182077307706
2024-06-12,211.6326141357422,198134300,2.857841452639609,1.920618309423337
2024-06-13,212.7947235107422,97862700,0.5491163919822961,1.9161497493744415
2024-06-14,211.05653381347656,70122700,-0.8168387207109884,1.9397261932080438
2024-06-17,215.20834350585938,93728300,1.9671552533180536,1.9587042789458078
2024-06-18,212.8443603515625,79943300,-1.0984625947982884,1.9987632640508488
2024-06-20,208.2654571533203,86172500,-2.15129176581379,2.0905017441741647
2024-06-21,206.0902557373047,241805100,-1.0444369631658512,2.100314586207942
2024-06-24,206.73587036132812,80727000,0.31326790377046443,2.01399314439421
2024-06-25,207.65960693359375,55549700,0.44681968864481725,1.9973209666315512
2024-06-26,211.81138610839844,66213200,1.9993195769326233,2.0210424987824136
2024-06-27,212.65567016601562,49772700,0.39860182831961133,2.0189993727020252
2024-06-28,209.19912719726562,82542700,-1.6254177309504847,2.0801020345998875
2024-07-01,215.28778076171875,60402900,2.910458397234028,2.148657264046579
2024-07-02,218.78402709960938,58046200,1.623987355678258,2.1594808802911354
2024-07-03,220.05538940429688,37369800,0.5811038043050054,2.1564841665159094
2024-07-05,224.81307983398438,60412400,2.162042221536531,2.1818943127625805
2024-07-08,226.28311157226562,59085900,0.6538906630196184,2.155100187257076
2024-07-09,227.13726806640625,48076100,0.3774724893103043,2.154804213713403
2024-07-10,231.40829467773438,62627700,1.8803724495266128,2.071159402843974
2024-07-11,226.03480529785156,64710600,-2.3220815776573978,1.5890529818167582
2024-07-12,228.9847412109375,53046500,1.3050803875972683,1.5024986648384246
2024-07-15,232.81869506835938,62631300,1.674327222480776,1.5289920398988204
2024-07-16,233.23590087890625,43234300,0.1791977274094636,1.5011210179636485
2024-07-17,227.33595275878906,57345900,-2.529605475779817,1.6048102321393392
2024-07-18,222.6676483154297,66034600,-2.053482692336217,1.6614061870560313
2024-07-19,222.79676818847656,49151500,0.05798771129246205,1.5647506530336324
2024-07-22,222.44915771484375,48201800,-0.15602132672711821,1.53543363045666
2024-07-23,223.4920654296875,39960300,0.46882969823631715,1.5353978698635788
2024-07-24,217.06568908691406,61777600,-2.875438253442264,1.701034420913074
2024-07-25,216.02279663085938,51391200,-0.4804501625483071,1.6554703738371155
2024-07-26,216.4896240234375,41601300,0.2161009855713658,1.6543073791880818
2024-07-29,216.76773071289062,36311800,0.12846190236952548,1.603604222502695
2024-07-30,217.32395935058594,41643800,0.25660121820993975,1.4709712192107465
2024-07-31,220.58181762695312,50036300,1.499079202358744,1.4642195299396865
2024-08-01,216.8869171142578,62501000,-1.675070299286463,1.5075147349519509
2024-08-02,218.37681579589844,105568600,0.6869472356674011,1.4269262454909033
2024-08-05,207.85826110839844,119548600,-4.8166993593912295,1.7544166341208371
2024-08-06,205.83200073242188,69660500,-0.9748279260932802,1.7485630316391993
2024-08-07,208.404541015625,63516400,1.249825233223767,1.7090688265349463
2024-08-08,211.87098693847656,47161100,1.6633255235027011,1.7187432909800988
2024-08-09,214.78123474121094,42201600,1.3735943013186036,1.722194076759652
2024-08-12,216.31260681152344,38028100,0.7129915572734458,1.6768509820779995
2024-08-13,220.03167724609375,44155300,1.719303599263089,1.7368861925529637
2024-08-14,220.47915649414062,41960600,0.20337037541480196,1.6559086502559386
2024-08-15,223.4623565673828,46414000,1.3530531051906713,1.6235875539810671
2024-08-16,224.78494262695312,44340200,0.591860785810483,1.6284439168383367
2024-08-19,224.6258087158203,40687800,-0.07079384823248658,1.6279679129033218
2024-08-20,225.24234008789062,30299000,0.2744704072942472,1.6259873499042896
2024-08-21,225.1329803466797,34765500,-0.048552035628945944,1.4738908061629992
2024-08-22,223.2734375,43695300,-0.8259753163735506,1.484190791518613
2024-08-23,225.57049560546875,38677300,1.0288093967598666,1.4964257984145104
2024-08-26,225.90859985351562,30602200,0.14988850697843503,1.4963671296003855
2024-08-27,226.75384521484375,35934600,0.3741536895347064,1.4967593689556966
2024-08-28,225.2224578857422,38052200,-0.6753523088662949,1.478079091422171
2024-08-29,228.50399780273438,51906300,1.4570216255507473,1.444000050878737
2024-08-30,227.7184295654297,52990800,-0.3437875244453492,1.4467764322190808
2024-09-03,221.52328491210938,50190600,-2.720528446091486,1.0961572813197438
2024-09-04,219.61402893066406,43840200,-0.861875979404525,1.0893800993479654
2024-09-05,221.13546752929688,36615400,0.6927784195030373,1.0716075776873257
2024-09-06,219.58421325683594,48423000,-0.7014950110865503,1.0436404799019607
2024-09-09,219.67367553710938,67180000,0.040741672156907605,1.0055498194081653
2024-09-10,218.878173828125,51591000,-0.36212882906399013,1.0007661975663917
2024-09-11,221.41390991210938,44587100,1.1585148211148644,0.9589207924431197
2024-09-12,221.52328491210938,37455600,0.04939843212352635,0.958121633669571
2024-09-13,221.25479125976562,36766600,-0.12120335451429876,0.9061136867416593
2024-09-16,215.10939025878906,59357400,-2.7775222249363685,1.0782176221906448
2024-09-17,215.5767364501953,45519300,0.21725978156694747,1.0821503655133944
2024-09-18,219.4549102783203,59894900,1.798976036090516,1.167629455089199
2024-09-19,227.58912658691406,66781300,3.7065547078794614,1.448462030473878
2024-09-20,226.9228973388672,318679900,-0.2927333383796138,1.4360685114433271
2024-09-23,225.20257568359375,54146000,-0.7581084480445588,1.4302181553698774
2024-09-24,226.0975341796875,43556100,0.3974015365397765,1.432638301238397
2024-09-25,225.10313415527344,42308700,-0.43981020315939645,1.4334269981178402
2024-09-26,226.2467041015625,36636700,0.508020446085955,1.4296655568217094
2024-09-27,226.5151824951172,34026000,0.11866621200995464,1.3902516512843976
2024-09-30,231.696044921875,54541900,2.287203166555729,1.4809663721214545
2024-10-01,224.9440460205078,63285000,-2.9141623473304734,1.5008545997652458
2024-10-02,225.51084899902344,32880600,0.25197509715992883,1.484353886316957
2024-10-03,224.40704345703125,34044200,-0.4894689310477318,1.484848681708825
2024-10-04,225.5307159423828,37245100,0.5007295974498671,1.4756864844797544
2024-10-07,220.44932556152344,39505400,-2.2530812974306924,1.570244472681731
2024-10-08,224.50650024414062,31855700,1.8404114742845534,1.6178596894294046
2024-10-09,228.25540161132812,33591100,1.6698409013149895,1.6387167463395405
2024-10-10,227.75820922851562,28183500,-0.2178228332397225,1.6407971015070428
2024-10-11,226.27651977539062,31759200,-0.6505536982152837,1.6496756513375133
2024-10-14,230.0055389404297,39882100,1.6479920977839901,1.5324748686458092
2024-10-15,232.54127502441406,64751400,1.1024673995529755,1.541304507976039
2024-10-16,230.4828338623047,34082200,-0.8851938916621394,1.529040482004377
2024-10-17,230.85079956054688,32993800,0.15964993664647764,1.2957201432899563
2024-10-18,233.68482971191406,46431500,1.2276458027271842,1.3171745391753393
2024-10-21,235.15655517578125,36254500,0.6297907594949637,1.303009571025685
2024-10-22,234.5400390625,38846600,-0.2621726248797973,1.3067468749511002
2024-10-23,229.46856689453125,52287000,-2.1623055015426607,1.4037173421859463
2024-10-24,229.27964782714844,31109500,-0.08232895247463068,1.4010115669698076
2024-10-25,230.11492919921875,38802300,0.3643068104762781,1.4024815577921683
2024-10-28,232.09378051757812,36087100,0.8599404329156846,1.3184995865351248
2024-10-29,232.36227416992188,35417200,0.1156832603377067,1.1236715760798328
2024-10-30,228.812255859375,47070900,-1.5277946143489762,1.1854766489592172
2024-10-31,224.64572143554688,64370100,-1.8209402324973478,1.2544813990933072
2024-11-01,221.66250610351562,65276700,-1.3279644557517956,1.2833583492290008
2024-11-04,220.76751708984375,44944500,-0.4037620206522097,1.1809809952856332
2024-11-05,222.199462890625,28111300,0.6486215996162725,1.112020044751758
2024-11-06,221.47357177734375,54561100,-0.32668445901624654,1.0369887928350148
2024-11-07,226.2069091796875,42137700,2.1372019082720906,1.1553102873376861
2024-11-08,225.93812561035156,38328800,-0.11882199810370198,1.1463085498752652
2024-11-11,223.22042846679688,42005600,-1.202850176884962,1.10701151468305
2024-11-12,223.22042846679688,40398300,0.0,1.068466524814398
2024-11-13,224.10641479492188,48566200,0.3969109521966496,1.0635737312599423
2024-11-14,227.1924591064453,44923900,1.3770441664275657,1.1149096434108465
2024-11-15,223.98695373535156,47923700,-1.4109206721477863,1.1088833030874872
2024-11-18,226.99337768554688,44633700,1.3422317237938408,1.1478975660332205
2024-11-19,227.25218200683594,36211800,0.1140140403776746,1.149392819354049
2024-11-20,227.96896362304688,35169600,0.31541242415413784,1.0505210592632064
2024-11-21,227.4911346435547,42108300,-0.20960264585940802,1.051255683771922
2024-11-22,228.83502197265625,38168300,0.5907427255164244,1.0569737675460311
2024-11-25,231.82151794433594,90152800,1.3050869337808635,1.080950459073531
2024-11-26,234.00167846679688,45986200,0.9404478677360828,1.1011524799629697
2024-11-27,233.8722381591797,33498400,-0.055315973998693035,1.0381711910965223
2024-11-29,236.26144409179688,28481400,1.021585952835946,0.9500921062010904
2024-12-02,238.5112762451172,48137100,0.952263777938378,0.8844755371873324
2024-12-03,241.5574951171875,38861000,1.277180232325681,0.8868734377455487
2024-12-04,241.91587829589844,44383900,0.14836351011882076,0.888170691884353
2024-12-05,241.9457244873047,40033900,0.01233742556152606,0.8761282595321441
2024-12-06,241.74664306640625,36870600,-0.08228350441831234,0.786731487167511
2024-12-09,245.63902282714844,44649200,1.6101070572768883,0.8280629105835747
2024-12-10,246.65443420410156,36914800,0.41337543410910893,0.7347379452700235
2024-12-11,245.38021850585938,45205800,-0.51659955044141,0.761927437671597
2024-12-12,246.84359741210938,32777500,0.596371995738143,0.7621276885169765
2024-12-13,247.0128173828125,33155300,0.06855351829142542,0.7374738623020893
2024-12-16,249.9097137451172,51694800,1.1727716775988828,0.6158216777011708
2024-12-17,252.33872985839844,51356400,0.9719574629094341,0.5960255822490206
2024-12-18,246.9331817626953,56774100,-2.1421793232994757,0.8420905467533776
2024-12-19,248.6653289794922,60882300,0.7014639362892483,0.8440007690202165
2024-12-20,253.34417724609375,147495300,1.8815844918160796,0.8878366714201958
2024-12-23,254.1206817626953,40858800,0.3065018209782222,0.8893125575758047
2024-12-24,257.0374755859375,23234700,1.1477986769947268,0.8827612121772725
2024-12-26,257.853759765625,27237100,0.3175739949307754,0.8781714974068667
2024-12-27,254.439208984375,42355300,-1.324219892839118,0.9615357747534206
2024-12-30,251.06448364257812,35557500,-1.326338560502327,1.0262401159437213
2024-12-31,249.29251098632812,39480700,-0.7057838809142902,1.0384664898307796
2025-01-02,242.75210571289062,55740700,-2.623586744567785,1.1864927493651793
2025-01-03,242.26429748535156,40244100,-0.2009491230185234,1.1872509706316288
2025-01-06,243.89691162109375,45045600,0.6738979505805709,1.1963852131633144
2025-01-07,241.11947631835938,40856000,-1.1387742814264357,1.2253668325805303
2025-01-08,241.60726928710938,37628900,0.20230342907097132,1.1666854273884035
2025-01-10,235.78359985351562,61710900,-2.4103866786695516,1.2705557498436735
2025-01-13,233.34463500976562,49630700,-1.0344081799010807,1.2821958968142433
2025-01-14,232.2296905517578,39435300,-0.4778101960480674,1.2675872024322739
2025-01-15,236.79901123046875,39832000,1.9675867749100462,1.3638795709867269
2025-01-16,227.23228454589844,71759100,-4.040019692168107,1.5698541830935242
2025-01-17,228.9445343017578,68488300,0.7535239806619742,1.5600772361743838
2025-01-21,221.6375732421875,98070400,-3.1915857182855722,1.6349985055084246
2025-01-22,222.8222198486328,64126500,0.5344971924732489,1.6288153210647869
2025-01-23,222.65301513671875,60234800,-0.07593709102665658,1.5319276451264459
2025-01-24,221.77694702148438,54697900,-0.3934678875542885,1.517276469141665
2025-01-27,228.82508850097656,94863400,3.1780316097549166,1.7018000830597522
2025-01-28,237.187255859375,75707600,3.6543927124331743,1.9398759704758732
2025-01-29,238.28228759765625,45486100,0.461673935352791,1.9361429550106257
2025-01-30,236.52027893066406,55658300,-0.7394627123806119,1.924334631703891
2025-01-31,234.9374237060547,100959800,-0.6692260096113789,1.9239265328486923
2025-02-03,226.9833984375,73063300,-3.3855931264941796,1.9795528241771245
2025-02-04,231.75184631347656,45067300,2.1007914714474385,2.052205465357089
2025-02-05,231.42332458496094,39620300,-0.14175581931341608,2.0419725196883807
2025-02-06,232.16995239257812,29925300,0.32262426829974267,2.034337057971532
2025-02-07,226.60513305664062,39707200,-2.396873186469839,2.0915706252073427
2025-02-10,226.8741912841797,33115600,0.1187343922486539,2.0328392456235234
2025-02-11,231.8272705078125,53718400,2.1831831975231752,2.087637340711456
2025-02-12,236.06277465820312,45243300,1.8270085918334233,2.123861492956998
2025-02-13,240.70689392089844,53614100,1.967323848251623,2.1238493474703732
2025-02-14,243.76644897460938,40896200,1.271070804775687,1.8986033851433795
2025-02-18,243.6368865966797,48822500,-0.053150209339591914,1.8985719435390183
2025-02-19,244.03550720214844,32204200,0.16361258388950528,1.7100243859584954
2025-02-20,244.99224853515625,32316900,0.392050052050541,1.7101538887261294
2025-02-21,244.71319580078125,53197400,-0.11390267898004902,1.710835205323174
2025-02-24,246.25791931152344,51326400,0.6312383382871323,1.6983667186548468
2025-02-25,246.1981201171875,48013300,-0.02428315584860341,1.5834998703553962
2025-02-26,239.5408935546875,44433600,-2.704011939380868,1.528510819551213
2025-02-27,236.49131774902344,41153600,-1.273091938670523,1.5535663571326588
2025-02-28,241.01583862304688,56833400,1.9131868844441513,1.6019457629327365
2025-03-03,237.2188262939453,47184000,-1.5754202507164528,1.6374615049264325
2025-03-04,235.1259765625,53798100,-0.8822443665799096,1.444426766225241
2025-03-05,234.93663024902344,47227600,-0.0805297297409524,1.3728387263660955
2025-03-06,234.52804565429688,45170400,-0.17391268202556764,1.3731275078551535
2025-03-07,238.2552947998047,46273600,1.5892551933860855,1.4137285461519609
2025-03-10,226.70477294921875,72071200,-4.847960193409895,1.718513464951876
2025-03-11,220.08740234375,76137400,-2.9189374883390795,1.8390056092782319
2025-03-12,216.2405548095703,62547500,-1.7478726602313088,1.7874986257934145
2025-03-13,208.96542358398438,61368300,-3.364369478238116,1.833805436802503
2025-03-14,212.762451171875,60107600,1.817060221144473,1.8230458871743038
2025-03-17,213.2707061767578,48073400,0.23888378897845008,1.7814514390466578
2025-03-18,211.96519470214844,42432400,-0.6121382059509739,1.7759592056318205
2025-03-19,214.50648498535156,54385400,1.1989186652903605,1.816429347855746
2025-03-20,213.37039184570312,48862900,-0.5296311389961117,1.8008421367435816
2025-03-21,217.5261688232422,94127800,1.9476821228993524,1.891260302584637
2025-03-24,219.97776794433594,44299500,1.1270364087025753,1.9109796745944458
2025-03-25,222.98748779296875,34493600,1.3681927390928106,1.955795239903423
2025-03-26,220.77505493164062,34466100,-0.992178029012214,1.8894683312019291
2025-03-27,223.08717346191406,37094800,1.0472734480756252,1.9035696652007583
2025-03-28,217.1574249267578,39818600,-2.6580409994609533,1.9015793982204705
2025-03-31,221.37301635742188,65299300,1.9412605542204586,1.9588686339530337
2025-04-01,222.4293975830078,36412700,0.4771951175297495,1.9621569301839794
2025-04-02,223.12701416015625,35905900,0.313635061160511,1.9660157977692339
2025-04-03,202.49754333496094,103419000,-9.245617749533396,2.8138801306922834
2025-04-04,187.738037109375,125910900,-7.288733474248388,3.118730751403812
2025-04-07,180.84161376953125,160466300,-3.673428915114274,3.055582027781601
2025-04-08,171.83241271972656,120859500,-4.981818543870231,3.154231080189688
2025-04-09,198.17236328125,184395900,15.328860338175065,4.848776585469059
2025-04-10,189.7710723876953,121880000,-4.239385731920353,4.8814629111454035
2025-04-11,197.4747314453125,87435900,4.059448555931056,4.959486643404728
2025-04-14,201.82984924316406,101352900,2.2054050996684893,4.989273934623275
2025-04-15,201.4511260986328,51343900,-0.18764476411760045,4.98815342102869
2025-04-16,193.6079559326172,59732400,-3.89333647218012,5.045891915533187
2025-04-17,196.3087158203125,52164700,1.3949632775603904,5.0614907398803535
2025-04-21,192.50173950195312,46742500,-1.939280333250215,5.045344682109539
2025-04-22,199.059326171875,52976400,3.40650774735225,5.109181482885086
2025-04-23,203.9027557373047,52929200,2.4331588268553084,5.133826629245688
2025-04-24,207.659912109375,47311000,1.8426216744764412,5.153520295711494
2025-04-25,208.56680297851562,38222300,0.4367192781353779,5.1476549771368845
2025-04-28,209.4238739013672,38743100,0.4109335285442661,5.116593881836047
2025-04-29,210.490234375,36827600,0.5091876364272663,5.097097857045973
2025-04-30,211.7758331298828,52286500,0.6107640854218666,5.098024834551102
2025-05-01,212.59304809570312,57365700,0.38588679064202047,5.098377498672624
2025-05-02,204.6501922607422,101010600,-3.7361785374022682,4.7137615919626965
2025-05-05,198.21221923828125,69018500,-3.145842645609831,4.453301523917246
2025-05-06,197.83349609375,51216500,-0.19106952436467317,4.354218713693836
2025-05-07,195.58120727539062,68536700,-1.1384769833375663,4.179196983801703
2025-05-08,196.81698608398438,50478900,0.6318494633554828,2.3826361403882492
2025-05-09,197.8534393310547,36453900,0.5266076204561099,2.165517494557423
2025-05-12,210.34713745117188,63775800,6.31462266329994,2.419205052043394
2025-05-13,212.48263549804688,51909300,1.0152256278603833,2.3854061498951182
2025-05-14,211.88389587402344,49325800,-0.2817828490408347,2.3864791706490887
2025-05-15,211.00575256347656,45029500,-0.4144455183460405,2.184552995941382
2025-05-16,210.81614685058594,54737900,-0.08985807760553133,2.1760914624439263
2025-05-19,208.3413543701172,46140500,-1.1739103087880398,2.1395938730412523
2025-05-20,206.42539978027344,42496600,-0.9196227967492532,2.0377803594735138
2025-05-21,201.6654052734375,59211800,-2.3059151208633444,2.04013163433707
2025-05-22,200.9369354248047,46742400,-0.3612269777481525,1.9922999497709604
2025-05-23,194.85975646972656,78432900,-3.024421041472658,2.0871019207774277
2025-05-27,199.78936767578125,56288500,2.52982519087801,2.1779023946444003
2025-05-28,199.99891662597656,45339700,0.10488493588676207,2.172717072435243
2025-05-29,199.5299072265625,51396800,-0.2345059699954133,2.1636393529295814
2025-05-30,200.4280242919922,70819900,0.4501165153201203,2.164719985989729
2025-06-02,201.27622985839844,35423300,0.42319709002895944,2.0085829120518843
2025-06-03,202.84292602539062,46381600,0.7783811173800226,1.879213717482153
2025-06-04,202.39389038085938,43604000,-0.2213711137626917,1.8795000658066685
2025-06-05,200.20849609375,55126100,-1.0797728543074925,1.877458805925045
2025-06-06,203.49156188964844,46607700,1.6398234140678536,1.9048725774438928
2025-06-09,201.02676391601562,72862600,-1.2112531599563048,1.9279096075168785
2025-06-10,202.2441864013672,54672600,0.6056021902935083,1.268835467566452
2025-06-11,198.36236572265625,60989900,-1.919373183369144,1.2917755291043096
2025-06-12,198.78147888183594,43904600,0.21128663073402,1.2975425153055071
2025-06-13,196.03726196289062,51447300,-1.3805194198080128,1.3194085542651015
2025-06-16,198.0031280517578,43020700,1.0028022576847206,1.3533226759443455
2025-06-17,195.2289581298828,38856200,-1.4010737856372857,1.3619311781640837
2025-06-18,196.16697692871094,45394700,0.4804711390223648,1.36523192124736
2025-06-20,200.57769775390625,96813500,2.2484522595249024,1.383208808925101
2025-06-23,201.07666015625,55814300,0.24876265304227818,1.3819653800608132
2025-06-24,199.87918090820312,54064000,-0.5955336870606232,1.1951273752739349
2025-06-25,201.13653564453125,39525700,0.6290573788700682,1.0628352203359368
2025-06-26,200.57769775390625,50799100,-0.2778400695995997,1.0650291975972546
2025-06-27,200.65753173828125,73188600,0.03980202448676806,1.0633463438919175
2025-06-30,204.7389373779297,91912800,2.0340156705265455,1.1513447320729793
2025-07-01,207.3833770751953,78788900,1.291615425542747,1.1796954373167894
2025-07-02,211.99366760253906,67941800,2.2230762139012317,1.261213951648367
2025-07-03,213.10134887695312,34955800,0.522506774348952,1.258216925458212
2025-07-07,209.50889587402344,50229000,-1.6857955249283796,1.298959794752212
2025-07-08,209.5687713623047,42848900,0.028578971805215403,1.2565378091920507
2025-07-09,210.69639587402344,48749400,0.538068961510163,1.216701392558297
2025-07-10,211.96372985839844,44443600,0.6014977043711456,1.2166372145621462
2025-07-11,210.7163543701172,39765800,-0.5884853456365136,1.1251559826608648
2025-07-14,208.1816864013672,38840100,-1.202881464197092,1.1749239431599352
2025-07-15,208.67066955566406,42296300,0.23488288655426626,1.1116360705579236
2025-07-16,209.71847534179688,47490500,0.502133715468478,1.101003795124142
2025-07-17,209.57875061035156,48068100,-0.06662490332222104,1.0311178056673602
2025-07-18,210.73631286621094,48974600,0.5523280640275852,1.0316836489036747
2025-07-21,212.0335693359375,51377400,0.6155827878369324,0.9347525235402219
2025-07-22,213.94955444335938,46404100,0.90362347501034,0.9449322245314404
2025-07-23,213.7000732421875,46989300,-0.1166074880693091,0.9265330086614653
2025-07-24,213.31088256835938,46022600,-0.18212004700020046,0.9309083981636079
2025-07-25,213.43064880371094,40268800,0.056146331546491623,0.9229899011090136
2025-07-28,213.6002960205078,37858000,0.07948587409902785,0.9224094791238894
2025-07-29,210.8261260986328,51411700,-1.2987668901023652,0.8965863971845582
2025-07-30,208.6107940673828,45512500,-1.0507862911703691,0.8926503194798534
2025-07-31,207.1339111328125,80698400,-0.7079609380583052,0.7421313706754307
2025-08-01,201.95481872558594,104434500,-2.5003594915492977,0.8974109260894108
2025-08-04,202.9227752685547,75109300,0.4792936108565904,0.8460411941495898
2025-08-05,202.49366760253906,44155100,-0.21146353111312077,0.8449846720504479
2025-08-06,212.80197143554688,108483100,5.090679602505532,1.4452502809470982
2025-08-07,219.56771850585938,90224800,3.1793629657992595,1.6025282127871117
2025-08-08,228.86814880371094,113854000,4.235791290787305,1.8268212116967915
2025-08-11,226.95997619628906,61806100,-0.8337431911761617,1.811258297702914
2025-08-12,229.42758178710938,55626200,1.0872426196794072,1.8160003382658183
2025-08-13,233.10403442382812,69878500,1.6024457949132653,1.832953970243933
2025-08-14,232.5545654296875,51916300,-0.23571835446725142,1.836313820447108
2025-08-15,231.36570739746094,56038700,-0.5112168105708581,1.8511925257406796
2025-08-18,230.66639709472656,37476200,-0.3022532209291606,1.859119828170408
2025-08-19,230.3367156982422,39402600,-0.1429256279357305,1.8600570468656232
2025-08-20,225.79110717773438,42263900,-1.9734624185850147,1.9314276177225342
2025-08-21,224.68218994140625,30621200,-0.4911252928377019,1.9366570390826248
2025-08-22,227.53941345214844,42477800,1.2716733406805902,1.9483811929106654
2025-08-25,226.94000244140625,30983100,-0.2634317288807808,1.9522836763004632
2025-08-26,229.08792114257812,54575100,0.946469850209164,1.918491697074651
2025-08-27,230.26678466796875,31259500,0.5145899965004919,1.8864165414675078
2025-08-28,232.33477783203125,38074700,0.8980857430412437,1.8658361995142498
2025-08-29,231.91517639160156,39418400,-0.18060207961334562,1.7306939255566272
2025-09-02,229.49752807617188,44075600,-1.0424709383172748,1.774182310637681
2025-09-03,238.2390594482422,66427800,3.8089871578786294,1.897105594203107
2025-09-04,239.5477752685547,47549400,0.5493288226302795,1.6108495172907673
2025-09-05,239.45787048339844,54870400,-0.037531045761318715,1.4969345165822874
2025-09-08,237.64962768554688,48999500,-0.7551402650500583,1.2226003560077705
2025-09-09,234.123046875,66313900,-1.4839412310012845,1.2594959840724123
2025-09-10,226.5703582763672,83440800,-3.225948363240483,1.4480551176353298
2025-09-11,229.80722045898438,50208600,1.4286344459361722,1.4380860677151879
2025-09-12,233.84332275390625,55824200,1.7562991653877313,1.4933003982312354
2025-09-15,236.47076416015625,42699500,1.1235905200573493,1.5063297381186807
2025-09-16,237.9193572998047,63421100,0.6125886829152938,1.5067246227612394
2025-09-17,238.75856018066406,46508000,0.3527257682534257,1.5054571687444085
2025-09-18,237.64962768554688,44249600,-0.4644576907642972,1.427071135844361
2025-09-19,245.26223754882812,163741300,3.2032913063739787,1.5571014432134962
2025-09-22,255.8319854736328,105517400,4.3095700465100695,1.7744169614265328
2025-09-23,254.18359375,60275200,-0.644325892472386,1.7862053698610434
2025-09-24,252.06564331054688,42303700,-0.833236483994404,1.8113246781471404
2025-09-25,256.6212158203125,55202100,1.8072960876120314,1.8349891056956087
2025-09-26,255.2126007080078,46076300,-0.5489082840644866,1.8493911430715773
2025-09-29,254.18359375,40127700,-0.40319598450592187,1.8542822238030288
2025-09-30,254.38340759277344,37704300,0.07861004710238984,1.8226495994856244
2025-10-01,255.20260620117188,48713900,0.3220330351537015,1.6513864817550177
2025-10-02,256.8809814453125,42630200,0.6576638338942287,1.6522267522252438
2025-10-03,257.7701110839844,49155600,0.34612513299712155,1.6495594267251825
2025-10-06,256.44140625,44664100,-0.5154611713502621,1.6417156208576702
2025-10-07,256.23162841796875,31955800,-0.08180341665524615,1.5863056439612377
2025-10-08,257.8100891113281,36496900,0.616028826380699,1.32744078374078
2025-10-09,253.79396057128906,38322000,-1.557785637436715,1.4018548895233458
2025-10-10,245.032470703125,61999100,-3.4522058162621327,1.6237567816086964
2025-10-13,247.42015075683594,38142900,0.9744341420789837,1.6198537277121174
2025-10-14,247.53004455566406,35478000,0.04441586446859436,1.617937149357994
2025-10-15,249.09852600097656,33893600,0.6336529564029414,1.6204540162667616
2025-10-16,247.21035766601562,39777000,-0.7580006053321764,1.6283336756922584
2025-10-17,252.045654296875,49147000,1.9559441912186948,1.5284744783373434
2025-10-20,261.98602294921875,90483000,3.943876231500254,1.4773988579545732
2025-10-21,262.5155029296875,46695900,0.20210237725979407,1.4661530902540014
2025-10-22,258.19970703125,45015300,-1.6440156296572916,1.506064141889786
2025-10-23,259.3285827636719,32754900,0.4372103072468825,1.4561377297235887
2025-10-24,262.56549072265625,38253700,1.2481878875396424,1.4717843297385538
2025-10-27,268.5496520996094,44888200,2.279111912415832,1.5391617717165444
2025-10-28,268.7394714355469,41534800,0.07068314349076843,1.5392191436376481
2025-10-29,269.4388122558594,51086700,0.26023003490212027,1.5392052662814366
2025-10-30,271.13714599609375,69886500,0.6303226049785504,1.5388671138616357
2025-10-31,270.108154296875,86167100,-0.37950967413132863,1.5458055222012206
2025-11-03,268.7894287109375,50194600,-0.48822131615030573,1.5451117236688992
2025-11-04,269.7784729003906,49274800,0.36796245826942187,1.543350431670354
2025-11-05,269.8783874511719,43683100,0.03703577594871277,1.5419323736384953
2025-11-06,269.50872802734375,51204000,-0.13697259247742455,1.4864638617105816
2025-11-07,268.2099914550781,48227400,-0.4818903572332056,1.2140815263023332
2025-11-10,269.42999267578125,41312400,0.45486792422775313,1.2080343483894995
2025-11-11,275.25,46208300,2.1601185771556786,1.2634982449180883
2025-11-12,273.4700012207031,48398000,-0.6466843884820661,1.2906277364396492
2025-11-13,272.95001220703125,49602800,-0.19014480979659965,1.2681105181191197
2025-11-14,272.4100036621094,47399300,-0.19784155368063328,1.229174469441686
